Country Name;;1960;1961;1962;1963;1964;1965;1966;1967;1968;1969;1970;1971;1972;1973;1974;1975;1976;1977;1978;1979;1980;1981;1982;1983;1984;1985;1986;1987;1988;1989;1990;1991;1992;1993;1994;1995;1996;1997;1998;1999;2000;2001;2002;2003;2004;2005;2006;2007;2008;2009;2010;2011;2012;2013;2014;2015;2016;2017
Aruba;Latin America & Caribbean;;;;;;;;;;;;;;;;;;;;;;;;;;;;;;;;;;;;;;;22.08238983;19.27891922;21.82275963;21.3203907;19.75715065;;14.89785957;18.90070915;;20.78879929;19.03619957;21.53726006;22.14365959;21.74546051;20.63408089;21.87458992;19.61272049;;;
Afghanistan;South Asia;;;;;;;;;;;;;;;;;;;;;;;;;;;;;;;;;;;;;;;;;;;;;;;;;;;17.0675602;16.04842949;10.35680008;14.10280037;14.46592999;12.50899982;;
Angola;Sub-Saharan Africa;;;;;;;;;;;;;;;;;;;;;;;;;;;;;;;;;;;;;;;6.114679813;;5.255080223;;;;;7.992350101;7.454790115;;;;8.68476963;;;;;;;
Albania;Europe & Central Asia;;;;;;;;;;;;;;;;;;;;;;;;;;;;;;;;;;;;;;11.15338993;9.624070168;9.682459831;10.13702965;10.58193016;9.886919975;10.57359982;10.70316029;11.35797024;10.93295002;11.17718983;;;;;;12.12390995;;;;
Andorra;Europe & Central Asia;;;;;;;;;;;;;;;;;;;;;;;;;;;;;;;;;;;;;;;;;;;;;;;;;;;;;;;;;;
Arab World;;;;;;;;;;;;;;;;;;;;;;;;;;;;;;;;;;;;;;;;;;;;;;13.79283047;;10.91045523;;13.18470478;;;;;;;;;
United Arab Emirates;Middle East & North Africa;;;;;;;;;;;;;;;;;;;;;;;;;;;;;;;;;;;;;;5.023729801;;;;;;;;;;;;;;;;;;;;
Argentina;Latin America & Caribbean;;;;;;;;;;;;;;;;;;;;;;;;;;;;;;;;;;;;;15.39877033;;15.62226963;15.88008976;16.22695923;16.3576107;16.44329071;14.36279011;15.16129017;15.81083965;16.37775993;15.88041973;16.67620087;16.95470047;15.82468033;15.96354008;15.33520031;15.2624197;14.71706009;;;
Armenia;Europe & Central Asia;;;;;;;;;;;;;;;;;;;;;;;;;;;;;;;;;;;;;;;;;;;;;;13.64809036;13.57851982;13.46558952;14.26844978;13.45121956;12.40050983;12.59333992;12.36896992;11.13675976;9.367119789;10.65635967;;
American Samoa;East Asia & Pacific;;;;;;;;;;;;;;;;;;;;;;;;;;;;;;;;;;;;;;;;;;;;;;;;;;;;;;;;;;
Antigua and Barbuda;Latin America & Caribbean;;;;;;;;;;;;;;;;;;;;;;;;;;;;;;;;;;;;;;;;12.52143002;;;8.855970383;;;;;;;6.916619778;;;;;;;;
Australia;East Asia & Pacific;;;;;;;;;;;;;;;;;;;;;;;;;;;;;13.24973011;13.35091972;13.59171963;14.06530952;13.20401955;15.01692009;14.29701996;14.77005959;14.24612045;;;;13.36015987;;;;;13.58512974;13.17819977;13.03026962;12.59972;13.41501999;14.32759953;13.50201988;13.18365002;14.04586029;13.90009975;;;
Austria;Europe & Central Asia;;;;;;;;;;;;;;;;;;;;;;;;;;;;;;10.69995022;10.91506004;11.13986015;11.14898014;10.49812984;;9.960459709;9.235019684;;11.16872025;11.24664021;10.5094099;10.48087978;10.38341045;10.1264801;10.24812984;9.858980179;9.989089966;10.01484013;10.14745998;10.65725994;10.85356045;11.05856037;10.77493;10.9517498;10.48320961;;;
Azerbaijan;Europe & Central Asia;;;;;;;;;;;;;;;;;;;;;;;;;;;;;;;;;;;;41.40279007;20.03853989;;14.21675014;17.88669014;18.49799919;18.77296066;11.3968401;11.52328968;13.33164024;13.12067986;8.184909821;9.178480148;8.552769661;9.571430206;8.748539925;7.346549988;5.63888979;6.395180225;7.375470161;;;
Burundi;Sub-Saharan Africa;;;;;;;;;;;;;;;;;;;;;;;;;;;;;;;;18.86403084;18.12272072;;16.75643921;23.79244041;16.71360016;;;13.51863956;13.4373703;14.11250019;15.23766041;;12.95882988;13.87042046;;;12.61553955;16.30168915;16.58810043;14.97929955;16.42831993;17.24325943;;;;
Belgium;Europe & Central Asia;;;;;;;;;;;;;;;;;;;;;;10.27050972;9.248330116;;;;8.605830193;8.180009842;8.162130356;;;;;10.17572975;10.2769804;5.826600075;5.894609928;;;;;11.87948036;12.01327991;11.6037302;11.86717033;11.21681976;12.0567503;12.12555981;12.51484013;11.84939003;12.02532005;11.72259998;;11.93352032;11.97239017;;;
Benin;Sub-Saharan Africa;;;;;;;;;;;;;;;;;;;;;;;;;;;;;;;;;;;;;;;18.46174049;17.88518906;13.51319981;15.31058025;14.12907982;16.68252945;19.2139492;18.79039001;19.70960999;14.94869041;19.08857918;18.17561913;26.14396095;;25.02131081;22.34122086;22.22771072;17.4795208;;
Burkina Faso;Sub-Saharan Africa;;;;;;;;;;;;;;;;;;;;;;;;;;;;;8.33823967;;;;;;19.94968033;;7.34017992;;;;;;;;;19.49419022;18.20170021;17.86381912;;;17.25081062;20.31364059;15.89538002;16.16527939;19.36811066;18.02906036;;
Bangladesh;South Asia;;;;;;;;;;;;;;;;;;;;;5.263599873;6.634029865;6.394110203;6.473259926;8.087619781;8.388629913;9.130049706;10.46842957;;;11.19102955;11.06210041;12.53666973;12.11384964;;;;15.19686985;;18.12978935;20.49041939;18.58477974;15.69379997;16.68162918;15.95312023;;17.33653069;18.15340042;17.81619072;14.02987003;;16.79397011;15.59323978;13.82281971;;;;
Bulgaria;Europe & Central Asia;;;;;;;;;;;;;;;;;;;;;;;;;;;;;;;;;;;;;;;8.951020241;;;9.277739525;9.654319763;11.18025017;6.703000069;12.07252026;12.01047993;11.11392021;12.61225986;12.65674973;11.16341972;11.10004997;10.69091988;11.43980026;;;;
Bahrain;Middle East & North Africa;;;;;;;;;;;;;;;;;;;;;;;;;;;;;;;;;;;;;;;;;;;;;;;11.91866016;11.02672958;10.55867004;;;;8.948040009;8.24382019;7.940509796;7.66079998;;
Bahamas. The;Latin America & Caribbean;;;;;;;;;;;;;;;;;;;;;;;;;;;;;;;;;;;;;;;;;18.9228096;;;;;;;;;;;;;;;;;
Bosnia and Herzegovina;Europe & Central Asia;;;;;;;;;;;;;;;;;;;;;;;;;;;;;;;;;;;;;;;;;;;;;;;;;;;;;;;;;;
Belarus;Europe & Central Asia;;;;;;;;;;;;;;;;;;;;;;;;;;;;;;;;;;;;;;;;;;;;;12.95341015;13.01992989;13.25642967;10.74849033;;8.450110435;12.86462975;14.03116035;13.18072033;12.27406979;12.40666962;11.19521046;;
Belize;Latin America & Caribbean;;;;;;;;;;;;;;;;;;;;;;;;;;;;;;;;;;;;;;;;18.89414978;16.05443954;18.30537033;;16.15851021;16.82134056;;;;19.60071945;21.77002907;23.05208015;;;23.02396011;20.9155407;;;
Bermuda;North America;;;;;;;;;;;;;;;;;;;;;;;;;;;;;;;;;;;;;;;;;;;;11.03660011;11.11384964;12.10540009;;;;13.97043037;12.93424034;;;;7.796440125;9.018799782;;
Bolivia;Latin America & Caribbean;;;;;;;;;;;;;;;;;;;;;;;;;;;;;;;;;;;19.8884201;24.43960953;21.03771019;;18.42668915;19.27240944;18.67085075;18.46146011;18.71380997;19.94095993;;;21.16250038;;19.92380905;22.56084061;24.12779045;19.48311043;17.82895088;16.28363991;16.84210014;;;
Brazil;Latin America & Caribbean;;;;;;;;;;;;;;;;;;;;;;;;;;;;;;;;;;;;;;;11.62985992;9.600270271;11.45215988;10.61093998;9.637000084;;10.39389992;11.25693035;12.42280006;13.21811962;14.08181953;14.72313976;14.56005001;15.26947975;15.5529604;15.97432041;;;;
Barbados;Latin America & Caribbean;;;;;;;;;;;;;;;;;;;;;;;;;;;;;;;;;;;;;;;;13.14667988;13.97805977;17.25794029;15.91701031;15.66594982;15.38792992;15.3954401;;15.21562958;13.42763042;13.84276009;15.56023979;;13.68957996;12.15404987;14.16473961;;;
Brunei Darussalam;East Asia & Pacific;;;;;;;;;;;;;;;;;;;;;;13.07098961;11.2389698;;;;;9.586009979;11.84342957;10.06579018;8.710269928;8.226819992;9.18062973;9.276000023;;;;;8.760890007;8.893429756;8.920740128;;;;;;;;;;5.291540146;9.182189941;9.727820396;;9.985910416;;;
Bhutan;South Asia;;;;;;;;;;;;;;;;;;;;;;;;;;;;;;;;;;;;;;;;;13.77200985;13.08500957;;;18.69831085;22.84906006;;;15.64472961;12.86166954;11.79650974;13.05737019;;15.63381958;17.03030968;25.52448082;;
Botswana;Sub-Saharan Africa;;;;;;;;;;;;;;;;;;;;;;;;14.32691002;15.51869965;15.4298296;15.49168968;16.69395065;16.03128052;;16.51087952;;16.31501961;;;;;;;;;;;;;25.8235302;;26.50778961;;20.47739983;;;;;;;;
Central African Republic;Sub-Saharan Africa;;;;;;;;;;;;;;;;;;;;;;;;;;;;;;;11.14008045;9.923370361;;;;;;;;8.949319839;9.93076992;;9.214730263;12.02801991;12.0644598;9.680470467;10.05424023;9.869480133;7.860000134;7.830090046;6.475379944;7.825459957;;;;;;
Canada;North America;;;;;;;;;;;;;;;;;;;;;;15.57890034;15.53180981;14.77497005;14.09080029;13.2368803;12.68319988;13.45582962;13.53853989;13.56976986;13.19062042;14.26379967;13.11614037;14.62347984;12.93443012;12.86363029;;;12.63957977;12.74188042;12.98260021;12.21224022;12.14789963;;;12.17807007;;12.32855988;12.00996017;12.48363972;12.33596039;12.21914005;;;;;;
Central Europe and the Baltics;;;;;;;;;;;;;;;;;;;;;;;;;;;;;;;;;;;;;;14.72865009;;11.27880955;10.1390152;10.32361031;11.15789461;10.92234993;11.67253017;11.00590038;12.07252026;12.35283995;11.2919302;11.97769976;11.10286999;11.11258984;11.05587006;11.30628014;10.7174201;10.90495491;;;
Switzerland;Europe & Central Asia;;;;;;;;;;;;;;;;;;;;;;;;;15.88253975;15.80908012;16.02326965;15.74065971;16.45619965;16.10840034;17.49946022;17.49032021;;16.45269966;15.78820038;15.64768982;15.63654041;;14.75850964;15.08166981;15.4891901;15.64356995;16.09000015;16.36779022;16.30584908;15.88932037;15.97099972;15.68696976;15.96730995;15.60826969;15.3982296;15.32575035;15.49724007;15.39770031;15.52632046;;;
Channel Islands;Europe & Central Asia;;;;;;;;;;;;;;;;;;;;;;;;;;;;;;;;;;;;;;;;;;;;;;;;;;;;;;;;;;
Chile;Latin America & Caribbean;;;;;;;;;;;;;;;;;;;;;;;;;;;;;;;;;;13.43410015;14.07196999;14.95804024;15.69460011;14.44519043;15.1243;15.63321972;16.40148926;;17.40727997;17.60467911;16.97488022;16.15854073;16.1968708;16.72521019;17.3707695;16.99418068;17.81364059;17.72904015;19.63987923;19.61054039;19.89141083;18.90296936;;
China;East Asia & Pacific;;;;;;;;;;;;;;;;;;;;;;;;9.563249588;9.76224041;10.68737984;10.43900967;9.461580276;10.74394035;;;;12.2905302;14.77394962;20.0649395;18.71717072;19.50534058;;14.55140972;12.63156033;;;;;;;;;;;;;;;;;;
Cote d'Ivoire;Sub-Saharan Africa;;;;;;;;;;;;;;;;;;;;;;;;;;;;;;;;;;;;;;19.22014999;18.81475067;21.67118073;20.80694962;23.20203018;22.59230042;22.6482296;22.10716057;21.84568977;19.94178963;21.66794014;21.41143036;22.19010925;22.77275085;22.42686081;20.85876083;21.57472992;21.76678085;21.17321968;;
Cameroon;Sub-Saharan Africa;;;;;;;;;;;;;;;;;;;;;;;;;;;;;;;;;;;;;;;;;11.68369961;15.73394012;;21.44202042;20.84712029;21.37760925;20.31265068;21.56822014;15.58864021;19.77979088;18.75388908;14.8677702;15.17621994;13.82495022;;;;
Congo. Dem. Rep.;Sub-Saharan Africa;;;;;;;;;;;;;;;;;;;;;;;;;;;;;;;;;;;;;;;;;;;;;;;;;;;8.976460457;;;16.9156208;;;;
Congo. Rep.;Sub-Saharan Africa;;;;;;;;;;;;;;;;;;;;;;;;;;;;;;;;;;;22.41246986;14.70777988;;;14.12652969;;;;11.59276962;9.519949913;8.56180954;7.597819805;;;;;29.01839066;;;;;;;
Colombia;Latin America & Caribbean;;;;;;;;;;;;;;;;;;;;;;;;;18.09229088;16.40752029;;;;17.22545052;;;;;;;;;12.47535992;13.15192986;13.28682995;13.46772003;15.29955959;15.53726006;15.43978024;15.5356102;13.7688303;14.48145008;14.67728996;16.08116913;16.4185791;15.52914047;15.51282978;16.91362;15.83854961;15.04611969;;
Comoros;Sub-Saharan Africa;;;;;;;;;;;;;;;;;;;;;;;;;;;;;;;;;;;;;;;17.1350708;;;;15.78971958;;;;;;29.23311996;;;21.41486931;18.49151039;16.07073021;18.91032028;15.3246603;;
Cabo Verde;Sub-Saharan Africa;;;;;;;;;;;;;;;;;;;;;;;;;;;;;;;;;;;;;;;17.25592041;16.76194;;;19.76622963;;20.8404808;;17.54058075;18.32875061;18.6230793;16.16892052;14.39624023;15.15328026;;14.97774029;;;;
Costa Rica;Latin America & Caribbean;;;;;;;;;;;;;;;;;;;;;;;;;;;30.32237053;;18.36396027;17.65909004;;;;;;16.74369049;19.11466026;;;21.9236908;18.81950951;19.15282059;19.2404995;20.15172005;20.43088913;;20.64333916;21.02189064;20.81096077;23.40822029;22.88088989;23.00962067;23.50156021;22.83090973;23.1095295;23.38043022;;
Caribbean small states;;;;;;;;;;;;;;;;;;;;;;;;;;;;;;;13.01912022;14.13549042;16.3537693;12.75156975;12.79800034;16.22277975;14.45341492;14.43332529;13.35349512;8.039950371;9.709819794;13.61189032;15.20739985;15.88118505;13.34909487;11.73301983;14.26937008;;17.17304993;19.11938095;17.55283928;16.10293961;18.58193016;18.80925941;20.57386017;21.79748917;20.05147934;;
Cuba;Latin America & Caribbean;;;;;;;;;;;;;;;;;;;;;;;;;;;;;;;;;;;;;;;;;;;;;;;;;;;;;;;;;;
Curacao;Latin America & Caribbean;;;;;;;;;;;;;;;;;;;;;;;;;;;;;;;;;;;;;;;;;;;;;;;;;;;;;;;;;;
Cayman Islands;Latin America & Caribbean;;;;;;;;;;;;;;;;;;;;;;;;;;;;;;;;;;;;;;;;;;;;;;;;;;;;;;;;;;
Cyprus;Europe & Central Asia;;;;;;;;;;;;;;;;;;;;;;;;;;;;;;;;;;;;;;;;13.90412045;14.26830959;14.3215704;14.91421032;16.51523018;15.83298016;15.83936024;16.17962074;16.72047997;17.59074974;17.20125008;15.73480034;15.58158016;;15.3722496;15.5337801;;;
Czech Republic;Europe & Central Asia;;;;;;;;;;;;;;;;;;;;;;;;;;;;;;;;;;;;;9.484740257;;8.636710167;8.998749733;9.073530197;8.839110374;8.988100052;8.554820061;9.539540291;9.323120117;10.35336971;9.699159622;9.344639778;9.583930016;9.480409622;9.92718029;9.556850433;9.60243988;;;;
Germany;Europe & Central Asia;;;;;;;;;;;;;;;;;;;;;;;;;;;;;;;;;;9.65102005;9.462630272;9.571590424;8.320489883;;9.339010239;;;;;;;;9.574159622;10.14313984;10.11993027;10.25823975;10.39811039;10.7533102;11.13729954;11.03680992;11.13873959;;;
Djibouti;Middle East & North Africa;;;;;;;;;;;;;;;;;;;;;;;;;;;;;;;;;;;;;;;;22.89607048;29.38595009;26.28001976;25.48930931;24.2714901;24.70113945;22.71504974;22.14541054;22.26884079;;;12.32839966;;;;;;;
Dominica;Latin America & Caribbean;;;;;;;;;;;;;;;;;;;;;;;;;;;;;;;;;;;;;;;17.11160088;11.41961956;;;;;;;;;;;;;;;;;;
Denmark;Europe & Central Asia;;;;;;;;;;;;;;;;;;;;;;;;;;;11.41569996;12.29430008;12.40993977;11.18605995;;10.60130024;;13.87736988;13.47953033;13.14820957;14.1424799;;14.63436985;14.54370975;15.34414959;15.54854012;15.43387985;15.14175034;15.48686028;15.77933979;15.51264;15.35669994;14.83026028;14.94417;15.10334015;15.03625965;12.4887104;15.22986984;;;;
Dominican Republic;Latin America & Caribbean;;;;;;;;;;;;;;;;;;;;;;;;;;;;;;;;;;;;;;;;;12.98847961;12.50728989;12.07971954;9.701809883;;;;12.57787991;;;;;;;;;;
Algeria;Middle East & North Africa;;;;;;;;;;;;;;;;;;;;;;;;;;;;;;;;;;;;;;;;;;;;;;;;;11.42940998;;;;;;;;;
East Asia & Pacific (excluding high income);;;;;;;;;;;;;;;;;;;;;;;;;;;;;;;;;;;;;;;;;;15.64076519;12.75489998;16.20454979;;14.17029953;;;14.94431019;14.03864002;15.23900032;15.46687984;15.00961018;18.09041977;17.60392952;;;;
Early-demographic dividend;;;;;;;;;;;;;;;;;;;;;;;;;;;;;;;;;;;;;;;;;;17.49650002;16.63912964;16.32392025;16.34300995;15.61348534;;18.58116055;16.89739037;17.81619072;;16.40920067;15.96354008;15.92068005;15.55898952;;;;
East Asia & Pacific;;;;;;;;;;;;;;;;;;;;;;;;;;;;;;;;;;;;;;;;;;;16.22309446;16.22293091;;16.24382973;;;15.53448534;14.24031496;15.52863979;16.22262001;17.0001297;18.36995029;17.98107433;;;;
Europe & Central Asia (excluding high income);;;;;;;;;;;;;;;;;;;;;;;;;;;;;;;;;;;;;;;;;;;12.36196041;11.15959501;11.35176992;11.97882986;13.01992989;13.25642967;11.56090498;12.70637989;12.65674973;;11.84669495;11.75786495;;;;;
Europe & Central Asia;;;;;;;;;;;;;;;;;;;;;;;;;;;;;;;;;;;;;;11.84667015;;11.43904495;11.76006031;11.75501013;12.1888051;12.01327991;11.67253017;12.54751015;12.25037003;12.71121502;11.9747901;12.53193998;11.84939003;11.67597961;11.84194517;12.01334953;12.08611012;11.97239017;;;
Ecuador;Latin America & Caribbean;;;;;;;;;;;;;;;;;;;;;;;;;;;;;;;;;;;;;;;10.86149025;6.674600124;4.964300156;;;;;;;;;13.17257023;12.9965601;11.97611046;11.53415012;11.44254017;12.06830978;12.78785992;;
Egypt. Arab Rep.;Middle East & North Africa;;;;;;;;;;;;;;;;;;;;;;;;;;;;;;;;;;;;;;;;;;;;14.04386997;13.79283047;14.42144966;10.5962801;10.44791031;10.5064497;;;;;;;;;
Euro area;;;;;;;;;;;;;;;;;;;;;;;;;;;;;9.11245966;9.616499901;;10.58874989;10.86484003;;10.48540974;10.43070507;10.63162994;10.70874977;;10.81140995;11.04555988;10.93279028;11.87948036;12.01327991;11.6037302;11.7942853;11.21681976;11.83043957;11.87525988;11.90371037;11.62698507;11.19824505;11.74380493;11.62662029;11.48516512;11.55556488;;;
Eritrea;Sub-Saharan Africa;;;;;;;;;;;;;;;;;;;;;;;;;;;;;;;;;;;;;2.9151299;;6.250919819;5.565539837;;5.861609936;5.633379936;;5.741849899;;5.168069839;;;;;;;;;;;
Spain;Europe & Central Asia;;;;;;;;;;;;;;;;;;;;;;;;;;;;8.821299553;9.615260124;10.31713009;10.11695004;10.00685978;9.706110001;10.02190018;10.24135971;10.63162994;10.70874977;;10.4872303;10.69392014;10.68445015;10.71261024;10.70899963;10.88755035;10.72628975;10.78145027;10.88879013;10.87619972;10.93867016;10.63551998;10.5639801;10.62528038;9.215359688;9.538459778;9.592610359;;;
Estonia;Europe & Central Asia;;;;;;;;;;;;;;;;;;;;;;;;;;;;;;;;;;;;;19.87682915;17.85774994;16.16828918;16.50725937;14.81044006;15.05838013;15.28682995;15.18782997;14.48865986;14.52334976;;13.87777042;14.15126991;13.45903015;13.68179989;13.41265011;12.01334953;12.59300041;14.26226044;;;
Ethiopia;Sub-Saharan Africa;;;;;;;;;;;;;;;;;;;;;12.35554028;12.48698997;12.1781702;9.701319695;11.82013035;10.0891304;10.32174969;;;;;;;13.26484013;;;13.04413986;14.86991978;;;14.9077301;14.46177006;16.18774986;;;;23.97537994;24.69944954;26.35573006;23.58374977;26.30404091;29.67443085;30.53953934;27.02109909;;;;
European Union;;;;;;;;;;;;;;;;;;;;;;;;;;;;;;;;;;;10.48540974;;10.82086992;11.11577511;;10.9900651;11.06927013;11.07563019;11.86071968;11.50884533;11.62484026;11.72140026;12.07252026;12.03361511;11.62495995;11.90371037;11.41065025;11.11258984;11.10004997;11.30628014;11.54858494;11.64978981;;;
Fragile and conflict affected situations;;;;;;;;;;;;;;;;;;;;;;;;;;;;;;;;;;;;;;;;;;;;;;;;;;;;;;;;;;;
Finland;Europe & Central Asia;;;;;;;;;;;;;;;;;;;;;;12.45374012;12.05609989;11.65970993;10.90627003;11.56015015;11.10585022;11.21802044;11.2560997;11.45681;12.07530975;12.85859966;11.4066;12.44587994;11.41804028;11.90163994;11.84667015;;;11.76006031;12.17092037;12.63444996;12.6825304;12.77597046;12.77896023;12.24969959;12.28382015;12.14995003;12.11540031;11.84331989;11.94548988;11.91888046;12.79728985;12.44550991;12.32345009;;;
Fiji;East Asia & Pacific;;;;;;;;;;;;;;;;;;;;;;;;;;;;;;;;;;;;;;;17.87771988;19.28933907;20.4849205;18.52475929;19.95339012;;22.04252052;18.76222992;19.3315506;21.42140007;16.73675919;15.3524704;;14.88945961;;14.03246975;;;;
France;Europe & Central Asia;;;;;;;;;;;;;;;;;;;;;;11.54650974;11.4282198;10.76025009;10.46681023;10.10204029;9.717619896;9.403619766;9.617739677;9.529540062;9.68941021;10.06252956;9.621479988;10.48540974;10.58442974;11.0101099;10.86114025;;10.81140995;10.84447956;10.78995037;10.57707024;10.34288979;10.84214973;10.7323103;10.40091991;10.36730003;10.4259901;10.27361012;10.10988045;10.06912994;9.863940239;9.736760139;9.661879539;;;;
Faroe Islands;Europe & Central Asia;;;;;;;;;;;;;;;;;;;;;;;;;;;;;;;;;;;;;;;;;;;;;;;;;;;;;;;;;;
Micronesia. Fed. Sts.;East Asia & Pacific;;;;;;;;;;;;;;;;;;;;;;;;;;;;;;;;;;;;;;;;8.78497982;9.965120316;;;;;;;;;;;;;;;20.6683197;;
Gabon;Sub-Saharan Africa;;;;;;;;;;;;;;;;;;;;;;;;;;;;;;;;;10.20018005;;;;;;7.058110237;11.34815979;17.70648956;;;;;;;;;;13.33041954;11.26799011;10.57598019;10.66833973;11.36903;;;
United Kingdom;Europe & Central Asia;;;;;;;;;;;;;;;;;;;;;;12.64420986;11.60221958;11.40756035;11.20600986;10.4594202;10.21578979;10.50664997;10.78651047;11.13731956;11.16559982;10.9114399;11.19357014;;11.88866043;11.96907997;11.75599003;;12.24975967;11.79452038;12.05230999;12.28359985;13.55467033;13.60562038;12.94361019;13.17164993;13.20349026;12.99468994;12.94575024;12.60626984;12.95248032;12.7011404;;12.92580032;13.65983963;13.88024044;;
Georgia;Europe & Central Asia;;;;;;;;;;;;;;;;;;;;;;;;;;;;;;;;;;;;;;;10.85142994;10.60486031;12.54071999;12.36196041;13.6035099;12.49293995;15.03676033;11.18124962;12.89538956;9.486650467;8.937600136;8.998250008;;9.269430161;6.707759857;;;;;
Ghana;Sub-Saharan Africa;;;;;;;;;;;;;;;;;;;;;7.641880035;7.748139858;13.8319397;;;;34.30920029;24.66799927;23.93285942;;;;;;;;;;;14.8927002;;15.74110985;;;22.37924957;23.42996025;24.16197968;22.31702042;25.56525993;22.57078934;20.93906975;29.99464035;36.73749161;21.20799065;21.01736069;;;
Gibraltar;Europe & Central Asia;;;;;;;;;;;;;;;;;;;;;;;;;;;;;;;;;;;;;;;;;;;;;;;;;;;;;;;;;;
Guinea;Sub-Saharan Africa;;;;;;;;;;;;;;;;;;;;;;;;;;;;;;;;9.996529579;11.53744984;11.44849968;;;;;;14.65855026;15.19596958;10.31575966;13.06431961;11.62475014;12.31330013;10.94746971;;;15.67825985;13.58339977;12.43832016;14.25930977;9.46061039;14.13280964;11.98950958;;;
Gambia. The;Sub-Saharan Africa;;;;;;;;;;;;;;;;;;;;;;;;;;;;;;;;;;;;;;;;;11.92179966;8.205269814;8.806750298;8.18350029;4.770659924;5.25026989;5.360760212;7.297500134;18.41264915;13.29374027;17.61123085;15.11833;13.80029964;10.27583027;;;;
Guinea-Bissau;Sub-Saharan Africa;;;;;;;;;;;;;;;;;;;;;;;;;;;;;;;;;;;;;;;;16.74309921;;;;;;;;;;;9.961589813;10.55760956;14.53979969;16.19137955;;;;
Equatorial Guinea;Sub-Saharan Africa;;;;;;;;;;;;;;;;;;;;;;;;;;;;;;;;;;;;;;;5.248139858;;;;;;;;;;;;;;;;;;;
Greece;Europe & Central Asia;;;;;;;;;;;;;;;;;;;;;;7.453859806;6.811709881;6.330659866;6.711559772;;5.770090103;5.516449928;6.025619984;6.386229992;6.400800228;5.594709873;;;;;;;6.218329906;6.271500111;6.873600006;7.316520214;7.477159977;7.3604002;7.70182991;8.700209618;;;;;;;;;;;;
Grenada;Latin America & Caribbean;;;;;;;;;;;;;;;;;;;;;;;;;;;;;;;;;;;;;;;;;;;;10.80898952;;;;;;;;;;;;;;
Greenland;Europe & Central Asia;;;;;;;;;;;;;;;;;;;;;;;;;;;;;;;;;;;;;;;;;;;;;;;;;;;;;;;;;;
Guatemala;Latin America & Caribbean;;;;;;;;;;;;;;;;;;;;;;;;;;;;;;;;;;;;;18.72337914;;;;;;;;;;20.33844948;21.2781601;23.34815979;;19.29692078;20.24641037;21.10514069;20.6379509;21.95939064;24.08550072;;
Guam;East Asia & Pacific;;;;;;;;;;;;;;;;;;;;;;;;;;;;;;;;;;;;;;;;;;;;;;;;;;;;;;;;;;
Guyana;Latin America & Caribbean;;;;;;;;;;;;;;;;;;;;;;;;;;;;;;;;;;;;;;;;22.68779945;17.65683937;16.55555916;16.90000916;13.81455994;11.08073997;13.8234396;13.48169041;11.52616024;;10.34722042;11.97243977;11.82503986;10.26060963;;;;;
High income;;;;;;;;;;;;;;;;;;;;;;;;;;;;;;;;;;;11.25006962;12.41154528;11.93535995;11.84667015;;11.27880955;11.76006031;12.07833481;12.24792004;12.74120522;12.80907536;12.94361019;12.69606495;12.90932512;12.76187992;12.77273512;12.69193983;12.20807505;12.64210987;12.63183975;12.75940037;12.53329992;;;
Hong Kong SAR. China;East Asia & Pacific;;;;;;;;;;;;;;;;;;;;;;;;;;18.57813072;;;;;18.54077911;;21.20813942;;;;16.66485023;;;;;22.41877937;22.20729065;23.2442894;23.1510601;22.47858047;23.2826004;22.63777924;22.92239952;23.7994709;20.15051079;20.14833069;18.64948082;20.30080032;17.62039948;18.6085701;;
Honduras;Latin America & Caribbean;;;;;;;;;;;;;;;;;;;;;;;;;;;;;;;;;;;12.09562016;16.77433014;;;;;;;;;;;;;;;;;;19.23051071;;;;
Heavily indebted poor countries (HIPC);;;;;;;;;;;;;;;;;;;;;;;;;;;;;;;;;;;;;;;;;;14.9077301;15.73184013;15.46272516;;14.9615097;16.97918987;17.62064457;;16.21773529;18.17561913;17.37575912;15.3847599;16.17449999;16.61007977;;;;
Croatia;Europe & Central Asia;;;;;;;;;;;;;;;;;;;;;;;;;;;;;;;;;;;;;;;;;;;7.973289967;8.211899757;8.119059563;;;8.831609726;9.549320221;9.227259636;8.958339691;8.515789986;;9.602410316;;;;
Haiti;Latin America & Caribbean;;;;;;;;;;;;;;;;;;;;;;;;;;;;;;;;;;;;;;;;;;;;;;;;;;;;;;;;;;
Hungary;Europe & Central Asia;;;;;;;;;;;;;;;;;;;;;;;;;;;;;;;;;;;;;9.59910965;;8.699799538;9.386130333;10.32361031;10.45506954;10.17914963;11.82977009;11.00590038;10.80056953;10.32771015;10.33817005;10.27056026;9.864379883;9.685520172;9.304320335;;8.538780212;9.413049698;;;
IBRD only;;;;;;;;;;;;;;;;;;;;;;;;;;;;;;;;;;;;;;;;;16.11163473;15.25037003;13.91590977;14.47355509;14.3998704;13.79283047;13.73865032;13.67367506;13.85160494;14.53442001;15.14691019;15.96380997;14.92588997;15.2799902;15.24314976;;;;
IDA & IBRD total;;;;;;;;;;;;;;;;;;;;;;;;;;;;;;;;;;;;;;;;;;15.19596958;15.66205978;15.26861;15.9108696;14.56826973;14.67282009;15.75177002;15.88041973;15.59088039;16.08116913;16.10293961;15.09788036;15.5529604;15.97432041;;;;
IDA total;;;;;;;;;;;;;;;;;;;;;;;;;;;;;;;;;;;;;;;;;;14.74071503;15.73184013;15.94077492;;16.24382019;17.06999969;;;16.21773529;16.95940971;16.50391006;15.10810518;16.13546038;16.59671021;;;;
IDA blend;;;;;;;;;;;;;;;;;;;;;;;;;;;;;;;;;;;;;;;;;;12.92393017;;;;16.51276541;;;;;;16.73251438;13.50931025;17.55006027;;;;;
Indonesia;East Asia & Pacific;;;;;;;;;;;;;;;;;;;;;;;;;;;;;;;;;;;5.863969803;6.146460056;7.496819973;7.71021986;;;;11.59389019;14.36905003;16.27817917;14.17029953;15.1487999;;14.94431019;13.67475033;19.30843925;16.65418053;18.00613022;18.09041977;17.60392952;17.67214012;20.51762962;;
IDA only;;;;;;;;;;;;;;;;;;;;;;;;;;;;;;;;;;;;;;;;;;14.9077301;15.66205978;15.69079494;;16.24382019;16.46191978;17.48047066;;17.03716564;17.18516445;16.50391006;15.25154495;16.13546038;16.61007977;;;;
Isle of Man;Europe & Central Asia;;;;;;;;;;;;;;;;;;;;;;;;;;;;;;;;;;;;;;;;;;;;;;;;;;;;;;;;;;
India;South Asia;;;;;;;;;;;;;;;;;;;;;;;;;;;;;;;;;;;;;;13.90414047;14.77775002;17.64340973;17.49650002;;;12.92222977;11.55218983;11.53215027;11.78108978;;;10.82184029;11.74277973;13.67652035;14.06268024;14.09095955;;;;
Not classified;Europe & Central Asia;;;;;;;;;;;;;;;;;;;;;;;;;;;;;;;;;;;;;;;;;;;;;;;;;;;;;;;;;;
Ireland;Middle East & North Africa;;;;;;;;;;;;;;;;;;;;;;15.09778023;13.34449959;11.86301041;11.53022003;11.47189045;10.03540039;10.82664967;10.7667799;11.16668034;11.95689964;11.67063999;12.05881977;12.30206013;13.08267975;13.01350975;13.22066021;;12.3815403;12.1824398;13.38860989;12.59212971;12.43247032;12.75296021;13.54971027;13.56408978;13.43083954;13.13893032;13.02219963;13.05259991;9.284520149;12.64210987;13.81293011;13.45306015;;;;
Iran. Islamic Rep.;Middle East & North Africa;;;;;;;;;;;;;;;;;;;;;;;;;;;;;;;;18.3469696;20.63261986;23.71528053;;14.54695988;13.56692028;;;20.11292076;20.6338501;24.42416954;26.33352089;21.65295982;21.47405052;22.32196045;20.21824074;19.8744297;20.57942963;18.0235405;18.8043499;19.12669945;17.39562035;21.67391014;19.66485977;18.56875038;;
Iraq;Europe & Central Asia;;;;;;;;;;;;;;;;;;;;;;;;;;;;;;;;;;;;;;;;;;;;;;;;;;;;;;;;;;
Iceland;Middle East & North Africa;;;;;;;;;;;;;;;;;;;;;;;;;;;;;;;11.57631016;;;11.90876007;11.27031994;11.02834988;12.68540001;;16.70634079;15.5717001;15.7391901;16.2094593;17.08744049;16.37590027;16.80604935;17.81010056;17.92557907;17.21785927;13.03326035;15.16024017;14.60396957;15.41711998;17.33143044;17.66942024;;;;
Israel;Europe & Central Asia;;;;;;;;;;;;;;;;;;;;;;;;;;;;;;;;;;;;;;;;;12.9184103;12.93515968;12.79988003;12.89029026;12.84739017;12.70812988;13.09142017;13.08022976;13.2826004;13.14410973;13.50333023;13.77797985;13.97951031;14.35978031;14.2821703;;;
Italy;Latin America & Caribbean;;;;;;;;;;;;;;;;;;;;;;;;;;;;;;;;;;8.716790199;8.239609718;8.595170021;9.116140366;;9.238900185;9.549469948;9.448470116;9.825440407;9.505140305;9.640839577;9.388010025;9.013730049;9.527190208;8.801930428;9.205169678;8.867170334;8.723950386;8.432290077;;8.159770012;8.006159782;;;
Jamaica;Middle East & North Africa;;;;;;;;;;;;;;;;;;;;;;;;;;;;;;;;16.3537693;12.75156975;12.79800034;18.38850975;15.36104012;15.53602028;15.39999008;;;16.79660034;19.9911499;18.36392975;13.36233997;11.73301983;14.26937008;;17.17304993;19.11938095;17.55283928;16.10293961;18.58193016;18.80925941;20.57386017;21.79748917;20.05147934;;
Jordan;East Asia & Pacific;;;;;;;;;;;;;;;;;;;;;;;;;;;8.487429619;9.376239777;9.510000229;12.73340034;;;;;;;21.62755966;18.42140007;;14.1837101;;;;;;;;;;;;;;;;;;
Japan;Europe & Central Asia;;;;;;;;;;;;;;;;;;;;;;16.08353996;15.64062023;14.91423035;;;;18.16979027;17.99397087;17.84712029;;;;11.25006962;11.22338963;10.61631012;;;10.20680046;10.33425045;9.930410385;9.638970375;9.858110428;9.946370125;9.937840462;10.29181957;10.15116978;10.04298019;10.32734966;;9.457579613;9.709609985;9.480139732;9.578149796;9.286700249;;;
Kazakhstan;Sub-Saharan Africa;;;;;;;;;;;;;;;;;;;;;;;;;;;;;;;;;;;;;;;;;;;14.75948048;;10.26692009;10.22780037;13.26733971;11.94462013;13.64710999;13.04090023;;;;;;11.88720036;;
Kenya;Europe & Central Asia;;;;;;;;;;;;;;;;;;;;;;;16.21096039;17.26215935;14.42051029;15.43511009;17.52399063;;19.31546974;16.95524979;;18.49591064;15.8273201;13.75730038;14.83568001;;;;;24.04598045;23.3970108;22.39570999;25.62821007;24.98008919;26.66814995;27.46933937;25.08139992;;;;20.55599022;19.25283051;19.9239006;19.13569069;17.08102989;16.46878052;;
Kyrgyz Republic;East Asia & Pacific;;;;;;;;;;;;;;;;;;;;;;;;;;;;;;;;;;;;;18.76004982;;13.69270039;11.38731956;11.61130047;13.72138977;15.14647007;15.93953037;16.24381065;16.46191978;18.4347496;20.32406998;20.17296028;18.13310051;15.68476009;18.17270088;18.19558907;17.77300072;16.11177063;;;
Cambodia;East Asia & Pacific;;;;;;;;;;;;;;;;;;;;;;;;;;;;;;;;;;;;;;;9.392000198;;11.07901001;11.38078976;10.13757038;;12.40431023;;;11.1035099;;8.386630058;7.707099915;7.684470177;7.535759926;9.912719727;9.093529701;;;
Kiribati;Latin America & Caribbean;;;;;;;;;;;;;;;;;;;;;;;;;;;;;;;;;;;;;;;;12.50751019;15.26541996;11.51613998;;;;;;;;;;;;;;;;
St. Kitts and Nevis;East Asia & Pacific;;;;;;;;;;;;;;;;;;;;;;;;;;19.16773987;;13.00741005;;9.140000343;;11.2264204;15.21413994;;;13.37852955;;;14.53252029;10.32295036;13.68505001;14.20753002;11.05932999;12.28806019;11.79026031;11.05620956;12.47840977;13.05181026;;;;;;;;8.796910286;;
Korea. Rep.;Middle East & North Africa;;;;;;;;;;;;;;;;;;;;;;;;;;;;;;;;;;;;;;;;;;;;;;;;;;;;;;;;;;
Kuwait;;;;;;;;;;;;;;;;;;;;;;;;;;;;;;;;;;8.397489548;;;;11.32546043;13.09107018;;;;18.01417923;15.25835991;;14.95361042;13.85410976;13.37001038;;;;;;;;;;;
Latin America & Caribbean (excluding high income);East Asia & Pacific;;;;;;;;;;;;;;;;;;;;;;;;;;;;;;;;;;;;;;;;15.88008976;15.73866463;16.63912964;16.44329071;15.21213007;;;16.06476498;16.15887499;18.80035019;17.55283928;16.4185791;15.96354008;16.69095564;16.59862995;16.53099537;;;
Lao PDR;Middle East & North Africa;;;;;;;;;;;;;;;;;;;;;;;;;;;;;;;;;;;;;;;;;7.266129971;9.117380142;16.20454979;;16.24382973;13.73157978;17.48047066;17.35745049;13.96300983;8.174079895;7.275949955;8.014670372;8.58465004;12.80755043;12.18988037;;;
Lebanon;Sub-Saharan Africa;;;;;;;;;;;;;;;;;;;;;;;;;;;;;;;;;;6.80824995;10.44340038;5.916369915;8.106699944;;;;;7.421249866;7.056300163;;7.931230068;8.421310425;7.693190098;7.341040134;5.86977005;5.502999783;5.534289837;5.733809948;7.109159946;8.575519562;;;;
Liberia;Middle East & North Africa;;;;;;;;;;;;;;;;;;;;;;;;;;;;;;;;;;;;;;;;;;;;;;;;;7.278419971;;;;8.101759911;;;;;
Libya;Latin America & Caribbean;;;;;;;;;;;;;;;;;;;;;;;;;;;;;;;;;;;;;;;;8.138730049;;;;;;;;;;;;;;;;;;
St. Lucia;;;;;;;;;;;;;;;;;;;;;;;;;;;;23.2560997;;;;;;;;31.31318092;;;;29.43382072;26.03627014;;25.85462952;;15.42216015;15.04104042;16.3069706;19.01137924;;19.94337082;13.89531994;14.20207977;13.83675957;12.19244957;13.84786034;15.30152035;16.52716064;;
Latin America & Caribbean;;;;;;;;;;;;;;;;;;;;;;;;;;;;;;;;;;;;;;;;;15.63321972;15.25037003;16.3576107;16.06554031;14.88700008;;;15.97432041;16.43733025;18.08555984;17.27350998;17.11610985;15.96354008;17.82895088;16.92028522;;;;
Least developed countries: UN classification;;;;;;;;;;;;;;;;;;;;;;;;;;;;;;;;;;;;;;;;;;15.05184984;15.5201602;15.69379997;;15.95312023;15.89345503;;;15.92779493;16.09907436;16.02992535;15.09788036;15.59323978;16.16527939;;;;
Low income;Europe & Central Asia;;;;;;;;;;;;;;;;;;;;;;;;;;;;;;;;;;;;;;;;;15.2598896;15.31058025;;;17.05552483;17.67807961;;;17.14491558;17.41091919;16.54600525;15.25154495;16.42831993;16.62344933;18.22426033;;;
Liechtenstein;South Asia;;;;;;;;;;;;;;;;;;;;;;;;;;;;;;;;;;;;;;;;;;;;;;;;;;;;;;;;;;
Sri Lanka;;;;;;;;;;;;;;;;;;;;;;;;;;;;;;;;;10.87623024;;;12.70728016;11.56567001;12.69388962;;11.66882992;;;;;;;;;;;8.2707901;8.605660439;9.110159874;8.394029617;9.314419746;10.78201008;10.95026016;;
Lower middle income;;;;;;;;;;;;;;;;;;;;;;;;;;;;;;;;;;;;;;;;;;13.29633999;;15.69079494;;14.60352993;14.53863478;17.40850067;;15.58864021;15.23900032;16.40920067;14.8677702;15.43661499;;;;;
Low & middle income;Sub-Saharan Africa;;;;;;;;;;;;;;;;;;;;;;;;;;;;;;;;;;;;;;;;;15.20676041;15.73184013;15.39259958;;14.80251503;14.91080999;16.06476498;15.88041973;15.59088039;16.08116913;16.10293961;15.10810518;15.5529604;15.97432041;;;;
Lesotho;;;;;;;;;;;;;;;;;;;;;;;;;29.41077042;20.82331085;22.92170906;;;15.29199028;15.38955975;;;;23.02207947;18.58789063;20.50745964;;26.44453049;;23.55234909;19.20038033;23.84892082;24.36375999;32.10572815;27.64990044;32.40491867;28.23381042;;24.69754982;;;;;;;;;
Late-demographic dividend;Europe & Central Asia;;;;;;;;;;;;;;;;;;;;;;;;;;;;;;;;;;;;;16.24525499;;;14.09593964;13.28682995;12.59212971;13.6035099;13.36233997;14.03108501;13.56408978;13.40042496;13.28645039;14.26844978;13.9852252;14.56659985;13.41265011;14.38677502;15.08062983;;;;
Lithuania;Europe & Central Asia;;;;;;;;;;;;;;;;;;;;;;;;;;;;;;;;;;47.27873993;21.93460083;20.65736008;18.32267952;16.7170105;16.61293983;;;16.67028046;17.46509933;15.93097973;15.5721302;14.57956028;14.28964996;13.32594013;13.0529604;12.77760983;12.85881996;12.33635044;13.53596973;13.28802013;;;;
Luxembourg;Europe & Central Asia;;;;;;;;;;;;;;;;;;;;;;;;;;;;;;;;;;;;;8.68914032;;;;;9.302109718;;;;;;;;;;;9.292699814;;9.629249573;;;
Latvia;East Asia & Pacific;;;;;;;;;;;;;;;;;;;;;;;;;;;;;;;;;;;;;;;15.66432953;14.09593964;14.60147953;15.87751961;16.37018013;15.37675953;14.50181007;;13.91162968;14.06704998;14.76309967;13.02513981;11.80902958;12.74602985;17.7017498;18.70656967;13.96455002;;;
Macao SAR. China;Latin America & Caribbean;;;;;;;;;;;;;;;;;;;;;;;;;;;;;;;;;;;;;;;;;;9.828530312;12.48313046;11.70368004;10.77219009;10.47488976;9.546620369;12.9701004;12.16699982;12.31346989;15.41310024;17.33551025;21.24386978;16.4289093;13.39206982;;;
St. Martin (French part);Middle East & North Africa;;;;;;;;;;;;;;;;;;;;;;;;;;;;;;;;;;;;;;;;;;;;;;;;;;;;;;;;;;
Morocco;Europe & Central Asia;;;;;;;;;;;;;;;;;;;;;;;;;;;;;;;;19.89277077;;20.46423912;;20.47270966;;;25.21153069;25.76847076;;;;;;;;;17.47064018;17.29528999;;;;;;;;
Monaco;Europe & Central Asia;;;;;;;;;;;;;;;;;;;;;;;;;;;;;5.134119987;5.484159946;;;5.163430214;;;5.767749786;5.842339993;6.401110172;6.489769936;5.071700096;6.327899933;;;;5.92595005;;;;;6.598810196;6.363220215;8.076169968;8.87594986;7.059219837;5.008860111;;;
Moldova;Sub-Saharan Africa;;;;;;;;;;;;;;;;;;;;;;;;;;;;;;;;;;;;;28.3399601;;;14.12242031;12.92393017;16.42476082;17.88434029;16.19259071;19.45202065;19.29664993;18.60881996;19.4169693;19.85008049;20.99263;22.26700974;21.9158802;20.74197006;;18.76510048;;;
Madagascar;South Asia;;;;;;;;;;;;;;;;;;;;;;14.89931011;16.53528976;16.78964043;18.32389069;16.62018013;;;;;;;;12.31729984;;;;10.64441013;9.382769585;15.5387001;15.89050961;17.68247032;17.93675995;15.76313972;12.96076965;18.03303909;15.32419014;18.04454994;16.25814056;22.58583069;;19.77969933;20.32579994;13.98937988;;;;
Maldives;;;;;;;;;;;;;;;;;;;;;;;;;;;;;;;;;;;;;;;;;;;;21.23990059;20.34620094;19.47924042;13.01498032;13.34757996;12.74641037;12.61970997;15.63228035;12.46061039;11.71210003;12.67912006;12.8558197;10.13891029;12.87631035;;
Middle East & North Africa;Latin America & Caribbean;;;;;;;;;;;;;;;;;;;;;;;;;;;;;;;;;;;;;;;;;;18.01417923;;;14.95361042;;13.23071527;;14.16906023;;;;;;;;;
Mexico;East Asia & Pacific;;;;;;;;;;;;;;;;;;;;;;;;;;;;;;;;11.63632965;14.71502018;;23.0065403;26.33499908;;;15.78812981;16.3431797;19.77635956;20.84659958;20.97147942;22.4429493;22.20042038;22.1889801;20.74933052;20.24585915;18.80035019;18.47240067;19.4290905;19.00753975;18.66665077;16.92695045;19.07018089;;;
Marshall Islands;;;;;;;;;;;;;;;;;;;;;;;;;;;;;;;;;;;;;;;;;28.54380989;;;14.8142004;22.50875092;;;;;;;;;;;;;;
Middle income;Europe & Central Asia;;;;;;;;;;;;;;;;;;;;;;;;;;;;;;;;;;;;;;;;;15.20676041;15.74110985;15.39259958;15.9108696;14.36928463;14.27851963;15.63601017;14.48145008;14.53442001;15.14691019;16.03502083;14.71413994;15.30759525;;;;;
Macedonia. FYR;Sub-Saharan Africa;;;;;;;;;;;;;;;;;;;;;;;;;;;;;;;;;;;;;;;;;;;8.640879631;;;;;;;;;;;;;;;
Mali;Middle East & North Africa;;;;;;;;;;;;;;;;;;;;;;;;;;;;;;;;;;;;;;;;;15.32380962;14.49318981;14.52521038;18.28376007;17.73634911;16.28030014;;;18.0316906;16.95940971;16.50391006;18.25834084;22.40337944;16.62344933;18.22426033;;;
Malta;East Asia & Pacific;;;;;;;;;;;;;;;;;;;;;;;;;;;;;;;;;;;;;;;;;;;9.535340309;;10.55488968;;;14.51840019;13.08570957;12.34974003;15.71920967;18.89139938;15.25658035;18.75765038;;;;
Myanmar;;;;;;;;;;;;;;;;;;;;;;;;;;;;;;;;;;;;;;;;;;;;;;;;;;;;;;;;;;;
Middle East & North Africa (excluding high income);Europe & Central Asia;;;;;;;;;;;;;;;;;;;;;;;;;;;;;;;;;;;;;;;;;;;;;;;;;14.97993994;;;;;;;;;
Montenegro;East Asia & Pacific;;;;;;;;;;;;;;;;;;;;;;;;;;;;;;;;;;;;;;;;;;;;;;;;;;;;;;;;;;
Mongolia;East Asia & Pacific;;;;;;;;;;;;;;;;;;;;;;;;;;;;;;;;;;;;;;12.80766964;15.17901039;15.25156021;16.07476997;;20.31151009;;13.57351017;;;13.28645039;;14.51142025;14.71113968;12.1508503;;;;;;
Northern Mariana Islands;Sub-Saharan Africa;;;;;;;;;;;;;;;;;;;;;;;;;;;;;;;;;;;;;;;;;;;;;;;;;;;;;;;;;;
Mozambique;Sub-Saharan Africa;;;;;;;;;;;;;;;;;;;;;;;;;;;;;;;;;;;;;;;12.05375004;16.92332077;;;;;18.00153923;22.7181797;18.55003929;;;;;;19.76724052;19.03288078;;;;
Mauritania;Sub-Saharan Africa;;;;;;;;;;;;;;;;;;;;;;;;;;;;;;;;;;;;;;;;;;;;;8.175860405;;10.31029034;;13.88016987;;16.03502083;13.6826601;10.01774979;11.40536976;;;;
Mauritius;Sub-Saharan Africa;;;;;;;;;;;;;;;;;;;;;;;;;;;;;;;11.1949501;14.34508038;;;;;;;;16.76762962;14.31735992;11.97105026;11.51012039;15.9108696;16.2123909;15.82166004;14.13833046;12.74995041;11.95524979;11.64793015;14.57314968;13.84617043;14.96061993;14.78901005;20.90517998;19.01759911;;
Malawi;East Asia & Pacific;;;;;;;;;;;;;;;;;;;;;;;;;;;;;;;;;;;;;;;;;;;;16.55257034;;;;;;;12.51795959;15.09788036;;20.42420006;16.33403015;21.55158043;;
Malaysia;;;;;;;;;;;;;;;;;;;;;;;;;;;;;;;;;;17.57966042;15.93597984;18.41204071;18.02728081;21.27754021;18.98456955;;21.18855095;21.39068031;24.34852028;25.90360069;24.54244041;21.01292038;;16.74556923;16.12466049;14.03864002;18.46463013;18.40623093;20.97702026;19.92865944;19.45430946;19.7043705;19.72425079;;
North America;Sub-Saharan Africa;;;;;;;;;;;;;;;;;;;;;;15.57890034;15.53180981;14.77497005;14.09080029;13.2368803;12.68319988;13.45582962;13.53853989;13.56976986;13.19062042;14.26379967;13.11614037;14.62347984;12.93443012;12.86363029;;;12.63957977;12.74188042;12.98260021;12.21224022;14.33705521;16.57224083;15.66388035;13.64499998;15.1583004;13.43464518;12.99303007;12.68572998;12.69554996;12.57627487;13.38630009;13.28635979;14.54819965;;;
Namibia;East Asia & Pacific;;;;;;;;;;;;;;;;;;;;;;;;;;;;;;;;;;;;;;;;23.04277039;21.92506027;22.77570915;21.83686066;20.32821083;;;21.6029892;;25.07234955;;26.19325066;;;;;;;
New Caledonia;Sub-Saharan Africa;;;;;;;;;;;;;;;;;;;;;;;;;;;;;;;;;;;;;;;;;;;;;;;;;;;;;;;;;;
Niger;Sub-Saharan Africa;;;;;;;;;;;;;;;;;;;;;;;;;;;;;;;;;;;;;17.74954033;;;17.1178093;18.7831707;16.59556961;16.65246964;13.84549999;;;16.88376999;17.37597084;16.17733002;18.91293907;18.10404015;21.67580986;19.19202042;18.08452988;21.66150093;;;
Nigeria;Latin America & Caribbean;;;;;;;;;;;;;;;;;;;;;;;;;;;;;;;;;;;;;;;;;;;;;;;;;;;;;;;;;;
Nicaragua;Europe & Central Asia;;;;;;;;;;;;;;;;;;;;;;;0;;0;;;0;;;;;11.93350029;;;;;;13.38181973;14.71679974;14.57369995;;15.68778992;14.88700008;;;;;;;22.75366974;;;;;;;
Netherlands;Europe & Central Asia;;;;;;;;;;;;;;;;;;;;;;11.86935997;11.24707985;10.40229034;9.767700195;10.56039047;10.8004303;11.2650404;10.53046989;;10.96805954;10.71916962;;9.4874897;9.494959831;9.719510078;8.866609573;;10.42632008;10.48554993;11.07563019;11.01714039;11.09920025;11.40470982;11.72140026;12.19349003;11.83043957;11.62495995;11.69202042;11.41065025;11.54292965;11.76500988;11.62662029;12.08611012;11.97317028;;;
Norway;South Asia;;;;;;;;;;;;;;;;;;;;;;14.35441971;14.39587975;14.18126011;13.93857956;13.93107986;13.90028954;14.12780952;13.06381989;13.76179981;13.76669025;13.59578037;13.5404501;15.59459019;16.20054054;16.58432961;15.69688034;15.90563965;15.24956989;14.85470963;15.48645973;15.73486042;16.25643921;15.75514984;16.5360508;16.75169945;16.23353958;16.55713081;16.14887047;15.76091957;15.30601978;15.01093006;17.4527092;17.02611923;;;;
Nepal;East Asia & Pacific;;;;;;;;;;;;;;;;;;;;;;;;;;;;;;;;;;;;;;;;;19.11359024;21.61894035;20.42634964;21.30217934;21.60618019;22.2768898;25.48504066;21.12866974;22.11482048;19.84753036;16.02482986;17.97686005;17.43849945;18.18984985;18.28129005;17.10791016;;
Nauru;East Asia & Pacific;;;;;;;;;;;;;;;;;;;;;;;;;;;;;;;;;;;;;;;;;;;;;;;;;;;;;;;;;;
New Zealand;;;;;;;;;;;;;;;;;;;;;;;;;;;9.08491993;8.974220276;9.844479561;10.75667953;11.24155998;;;;;15.61209965;15.52422047;17.85338974;17.50864983;;17.99747086;;18.53027916;18.59804916;18.58357048;18.85660934;18.02876091;16.81502914;16.61694908;15.61095047;17.01477051;16.93086052;17.0001297;19.68997002;18.35821915;18.04804039;17.99121094;;
OECD members;Middle East & North Africa;;;;;;;;;;;;;;;;;;;;;;;;;;;;;;;;;;10.88668966;11.88866043;11.90163994;11.75599003;;11.76428461;11.79452038;12.10435963;12.15312529;12.29018497;12.75296021;12.77896023;12.25104046;12.69519997;12.5452199;12.53193998;12.48363972;11.98540497;12.14541006;12.56027508;12.43797493;12.32345009;;;
Oman;;;;;;;;;;;;;;;;;;;;;;;;;;;;;;;;;6.93073988;7.986430168;7.649610043;7.756030083;8.004639626;8.039019585;9.125559807;9.991800308;10.32785988;8.983440399;10.5839901;11.06247997;10.03896046;10.31647015;10.05364037;11.22463036;;;10.94917965;;;;11.08018017;;;;
Other small states;South Asia;;;;;;;;;;;;;;;;;;;;;;;;;;;;;;;;;;;;;;;;16.76762962;17.70648956;17.35727978;16.29029989;18.11954021;16.02268553;15.83936024;16.17962074;12.74995041;16.3231349;15.18214512;14.19520998;13.41265011;12.1596899;12.59300041;13.5027051;;;
Pakistan;Latin America & Caribbean;;;;;;;;;;;;;;;;;;;;;;;;;;;;;;;;;;7.80284977;9.376429558;10.31326962;10.06898975;11.75339985;;11.30733013;8.489879608;;;;11.22935009;13.77750969;15.28909969;15.4455204;14.09696007;11.86443043;11.86466026;10.92461014;11.04063034;11.51397991;11.30066013;13.1872797;;
Panama;Latin America & Caribbean;;;;;;;;;;;;;;;;;;;;;;;;;;;;;;;;;;;;18.19721031;18.15498924;17.35391045;;18.97315025;19.8319397;16.63912964;16.95750046;16.34300995;14.56826973;;;;14.88982964;;;13.01972008;;;;;;
Peru;East Asia & Pacific;;;;;;;;;;;;;;;;;;;;;;;;;;;;;;;;;;;;;;;;;15.25037003;14.79623032;14.57806015;14.65830994;15.27385044;14.27851963;14.03530025;14.14177036;14.53442001;14.59630966;13.55558014;13.55255032;14.36907005;15.22387981;16.21989059;17.59819031;;
Philippines;East Asia & Pacific;;;;;;;;;;;;;;;;;;;;;;;;;;;;;;;;;;;;15.24298;17.56657028;15.17012978;18.18099022;;15.20676041;13.91590977;14.06892967;14.38022041;12.75084972;12.42236042;13.26852989;13.66701984;14.4419899;13.21115971;;;;;;;;
Palau;East Asia & Pacific;;;;;;;;;;;;;;;;;;;;;;;;;;;;;;;;;;;;;;;;;13.80012035;15.1164999;15.34344006;;;;;;;;;;;;;;;
Papua New Guinea;Europe & Central Asia;;;;;;;;;;;;;;;;;;;;;;;;;;;;;;;;;;;;;;;;;;;;;;;;;;;;;;;;;;
Poland;;;;;;;;;;;;;;;;;;;;;;;;;;;;;;;;;;;;;;16.79590988;;11.27880955;10.89190006;11.89871979;11.86071968;11.91849041;11.67253017;12.31606007;12.25104046;12.69519997;11.2919302;11.40635967;11.10286999;11.11258984;11.05587006;11.30628014;11.65736961;11.64978981;;;
Pre-demographic dividend;Latin America & Caribbean;;;;;;;;;;;;;;;;;;;;;;;;;;;;;;;;;;;;;;;;;13.51319981;;;;14.9615097;16.28030014;;;15.67825985;;16.58810043;15.03858995;15.53579998;16.17832947;;;;
Puerto Rico;East Asia & Pacific;;;;;;;;;;;;;;;;;;;;;;;;;;;;;;;;;;;;;;;;;;;;;;;;;;;;;;21.58274078;;;;
Korea. Dem. People's Rep.;Europe & Central Asia;;;;;;;;;;;;;;;;;;;;;;;;;;;;;;;;;;;;;;;;;;;;;;;;;;;;;;;;;;
Portugal;Latin America & Caribbean;;;;;;;;;;;;;;;;;;;;;;;;;;;;7.208469868;8.996930122;9.863360405;10.26243973;11.01051044;10.57794952;10.52330971;10.9102602;11.65087032;12.59257984;;;11.85663033;12.10435963;12.09401035;12.02215004;11.64595032;10.94620991;10.8635397;10.84840965;11.0637598;10.37182999;11.07481003;10.4265604;10.23923016;10.19303036;10.56847954;9.888010025;;;
Paraguay;Middle East & North Africa;;;;;;;;;;;;;;;;;;;;;;;;;;8.363329887;;;;;7.858059883;;;;;;;;17.08778954;21.87684059;21.55938911;19.87921906;18.81539917;20.89402962;18.21824074;;;19.42472076;;;18.76240921;23.29774094;19.63422966;;;;;
West Bank and Gaza;;;;;;;;;;;;;;;;;;;;;;;;;;;;;;;;;;;;;;;;;;;;;;;;;;;;;;;;;;;
Pacific island small states;;;;;;;;;;;;;;;;;;;;;;;;;;;;;;;;;;;;;;;;;;;;;;;;;;;;;;;;;;;
Post-demographic dividend;East Asia & Pacific;;;;;;;;;;;;;;;;;;;;;;;;;;;;;;;;;;10.52330971;11.41804028;11.65087032;11.5632;;10.81140995;11.76006031;11.70563984;12.21224022;12.14789963;12.30287027;12.77896023;12.4668498;12.72723007;12.14995003;12.53193998;12.39390993;12.05275488;12.07168007;12.79728985;12.18008995;12.32345009;;;
French Polynesia;Middle East & North Africa;;;;;;;;;;;;;;;;;;;;;;;;;;;;;;;;;;;;;;;;;;;;;;;;;;;;;;;;;;
Qatar;Europe & Central Asia;;;;;;;;;;;;;;;;;;;;;;;;;;;;;;;;;;;;;;;7.843699932;9.526630402;9.676050186;10.55130959;12.00745964;10.70005989;12.05313015;13.74475956;9.308199883;8.62677002;15.05552006;14.83565044;13.81727028;13.10684967;12.30603027;13.14710045;12.74314976;;;
Romania;Europe & Central Asia;;;;;;;;;;;;;;;;;;;;;;;;;;;;;;;;;;;;;14.72865009;;;;8.187580109;9.848819733;10.92234993;11.13906002;9.843310356;10.83668041;;12.00496006;;11.02128983;9.129130363;8.33493042;8.435790062;;9.235719681;;;
Russian Federation;Sub-Saharan Africa;;;;;;;;;;;;;;;;;;;;;;;;;;;;;;;;;;;;;;;;;8.951849937;9.213359833;10.58384037;10.53168964;11.17591;11.95057011;12.42580032;;11.95923042;;;;11.14675999;;;;;
Rwanda;;;;;;;;;;;;;;;;;;;;;;;;;;;;;;;;;;;;;;;;;21.90942001;21.09613991;26.6995697;;;;;;18.77495956;15.59088039;;17.37575912;15.3847599;15.92068005;16.59671021;;12.48764038;;
South Asia;Middle East & North Africa;;;;;;;;;;;;;;;;;;;;;;;;;;;;;;;;;;;;;;13.90414047;;17.64340973;18.30504513;;;16.68162918;13.75265503;13.77750969;16.31281519;18.15340042;17.81619072;11.86443043;11.86466026;14.86247492;12.55165529;13.95688963;12.88329506;12.84813976;;
Saudi Arabia;Sub-Saharan Africa;;;;;;;;;;;;;;;;;;;;;;;;;;;;;;;;14.71302032;14.72169018;14.57367039;16.81303024;16.84456062;15.25230026;12.29582024;23.9824295;23.32939911;17.83658981;20.89613914;21.29412079;21.45521927;20.18865967;19.29228973;21.60387039;;19.25741959;;;;;;;;;
Sudan;Sub-Saharan Africa;;;;;;;;;;;;;;;;;;;;;;;;;;;;;;;;;;;;;;;;;9.116889954;;11.0448904;;7.949240208;5.966800213;8.253160477;;9.385399818;10.77070045;;;;;;;;
Senegal;East Asia & Pacific;;;;;;;;;;;;;;;;;;;;;;;;;;;;;;;;;;;;;;;18.73254013;16.82036018;17.61849022;15.72974014;16.72192001;16.11750984;16.96224976;21.77096939;17.95463943;;19.22613907;23.30044937;24.04635048;21.08696938;20.79524994;25.74234962;24.76247025;;;
Singapore;East Asia & Pacific;;;;;;;;;;;;;;;;;;;;;;;;;;;;;;;;;;;;;;;;;18.2845993;19.46945;18.1828804;21.80652046;20.30520058;19.81694984;19.74931908;20.01840973;19.94285965;17.19886971;17.1686306;19.89241028;21.16143036;19.95866013;;;;
Solomon Islands;Sub-Saharan Africa;;;;;;;;;;;;;;;;;;;;;;;;;;;;;;;;15.86093044;;;;;;;13.11647987;;;;;;;;;22.16813087;18.84339905;16.78565025;17.47849083;;;;;;;
Sierra Leone;Latin America & Caribbean;;;;;;;;;;;;;;;;;;;;;;;;;;;;;;;;;;;;;;;;;20.73130035;17.9708004;17.70318985;17.31936073;17.1487999;15.50660992;;19.75021935;14.93089962;15.89645958;12.8019104;12.41145992;14.12596035;15.20230961;15.09173965;;;
El Salvador;Europe & Central Asia;;;;;;;;;;;;;;;;;;;;;;;;;;;;;;;;;;;;;;;14.53232956;13.60801983;13.29633999;;15.48563957;14.06818962;;14.65581989;15.75177002;16.43733025;19.44882965;18.5469799;16.16422081;15.87257957;15.2799902;15.55898952;16.11058044;16.60156059;;
San Marino;Sub-Saharan Africa;;;;;;;;;;;;;;;;;;;;;;;;;;;;;;;;;;;;;;;;;;;;;;;;;;;10.78129005;10.64035988;;;;;;
Somalia;Europe & Central Asia;;;;;;;;;;;;;;;;;;;;;;;;;;;;;;;;;;;;;;;;;;;;;;;;;;;;;;;;;;
Serbia;;;;;;;;;;;;;;;;;;;;;;;;;;;;;;;;;;;;;;;;;;;;;;;;;10.39356041;10.83845997;10.93677044;10.5135498;10.60352039;9.599229813;;9.101610184;;;
Sub-Saharan Africa (excluding high income);Sub-Saharan Africa;;;;;;;;;;;;;;;;;;;;;;;;;;;;;;;;;;;;;;;;;15.2598896;15.74110985;16.42010975;;17.1487999;18.03303909;18.07816982;;17.08222485;18.24093914;17.31328487;15.11833;16.42831993;16.62344933;;;;
South Sudan;;;;;;;;;;;;;;;;;;;;;;;;;;;;;;;;;;;;;;;;;;;;;;;;;;;;;3.950700045;;3.103290081;4.311910152;2.563240051;;
Sub-Saharan Africa;;;;;;;;;;;;;;;;;;;;;;;;;;;;;;;;;;;;;;;;;;15.2598896;15.74110985;16.42010975;;17.1487999;18.03303909;18.07816982;;17.08222485;18.24093914;17.31328487;15.11833;16.42831993;16.62344933;;;;
Small states;Sub-Saharan Africa;;;;;;;;;;;;;;;;;;;;;;;;;;;;;;;;;;;;;;;;16.75536442;16.79660034;17.35727978;16.29029989;15.54934978;15.83298016;15.83051014;16.17962074;13.31386042;17.59074974;15.52863979;14.57314968;13.62941027;12.30603027;12.87005043;14.26226044;;;
Sao Tome and Principe;Latin America & Caribbean;;;;;;;;;;;;;;;;;;;;;;;;;;;;;;;;;;;;;;;;;;;6.42828989;6.689089775;5.849909782;12.12648964;9.692029953;16.65969086;18.24332047;20.55949974;19.32358932;;13.7196703;18.82662964;12.32260036;;;
Suriname;Europe & Central Asia;;;;;;;;;;;;;;;;;;;;;;;;;;;;;;;;;;;;;;;;;;;;;;;;;;;;;;;;;;
Slovak Republic;Europe & Central Asia;;;;;;;;;;;;;;;;;;;;;;;;;;;;;;;;;;;;;9.586700439;8.527830124;;8.593270302;7.442820072;8.87773037;9.417570114;10.56774044;10.86330986;9.537940025;9.656700134;9.79349041;9.643950462;9.157429695;9.834529877;9.81058979;9.683930397;9.941519737;10.16012001;;;
Slovenia;Europe & Central Asia;;;;;;;;;;;;;;;;;;;;;;;;;;;;;;;;;;;;;;;;;;13.81725025;13.72527027;13.69596004;13.49901962;13.29055023;13.31970024;12.89665985;12.54903984;12.30418015;12.0801897;12.07168007;12.63183975;9.99503994;;;;
Sweden;Sub-Saharan Africa;;;;;;;;;;;;;;;;;;;;;9.862019539;10.19779968;;;;;;;;;8.342289925;8.435359955;8.017279625;8.158949852;;10.23688984;11.37040997;;12.70139027;12.43410015;12.92943001;12.81309986;13.13749027;12.84218025;12.97564983;12.68400002;12.72723007;12.76187992;12.9553299;13.17578983;12.98550987;12.88304043;14.86431026;14.77147007;14.93908978;;;
Swaziland;Latin America & Caribbean;;;;;;;;;;;;;;;;;;;;;;23.75299072;20.3789196;;;;;20.46323013;21.77708054;25.08986092;23.47705078;;;;20.03243065;20.65967941;21.84551048;;;20.43320084;18.74508095;19.65617943;17.29376984;22.06381989;21.10407066;20.89185905;22.70756912;;21.81324005;19.38637924;18.28302956;22.33392906;;;24.94522095;;;
Sint Maarten (Dutch part);Sub-Saharan Africa;;;;;;;;;;;;;;;;;;;;;;;;;;;;;;;;;;;;;;;;;;;;;;;;;;;;;;;;;;
Seychelles;Middle East & North Africa;;;;;;;;;;;;;;;;;;;;;;;;;26.99180984;22.83296013;19.51612091;;18.25662994;19.83613014;;;;;14.97165966;11.91291046;15.13588047;;9.872570038;9.373760223;;;9.220159531;12.04319954;;;10.95452023;;;;;10.38640976;;;;;;
Syrian Arab Republic;Latin America & Caribbean;;;;;;;;;;;;;;;;;;;;;;;;;;;;;;;;;;;;;15.04076004;;;;;15.66205978;16.82607079;19.85540009;17.14539909;;20.04847908;18.92593002;20.04079056;19.18404961;;;;;;;;
Turks and Caicos Islands;Sub-Saharan Africa;;;;;;;;;;;;;;;;;;;;;;;;;;;;;;;;;;;;;;;;;;;;;;;;;;;;;;;;;;
Chad;;;;;;;;;;;;;;;;;;;;;;;;;;;;;;;;;;;;;;;12.89865971;11.07153034;17.05998039;12.84449005;13.78684998;;;11.03190041;14.67282009;;;;9.549150467;8.119279861;10.08325958;9.212409973;12.46146011;;;;
East Asia & Pacific (IDA & IBRD countries);;;;;;;;;;;;;;;;;;;;;;;;;;;;;;;;;;;;;;;;;;15.64076519;12.75489998;16.20454979;;14.17029953;;;14.94431019;14.03864002;15.23900032;15.46687984;15.00961018;18.09041977;17.60392952;;;;
Europe & Central Asia (IDA & IBRD countries);Sub-Saharan Africa;;;;;;;;;;;;;;;;;;;;;;;;;;;;;;;;;;;;;;;;;11.61130047;12.11134005;11.3968401;11.52328968;12.31606007;12.63548517;13.07590961;11.2919302;12.61225986;11.87980986;11.16341972;11.10004997;11.30628014;;;;;
Togo;East Asia & Pacific;;;;;;;;;;;;;;;;;;;;;;;;;;;;;;;;;22.54920959;;;;23.29256058;;20.98232079;23.4187603;24.42370987;25.73135948;30.70002937;27.75642967;21.83069038;17.67807961;17.2866497;18.15452003;19.24566078;19.37198067;19.6157608;18.63493919;17.68042946;17.2000103;19.01441002;17.98546982;;
Thailand;Europe & Central Asia;;;;;;;;;;;;;;;;;;;;;;;;;;;;;;;;;;;;18.90245056;20.03906059;21.20360947;19.4810009;18.97901917;28.3885994;24.24134064;16.22293091;20.86635017;21.45767021;20.54681969;22.00279045;18.48467064;18.16284943;18.17830086;16.22262001;22.63023949;21.39679909;18.86020088;;;;
Tajikistan;Europe & Central Asia;;;;;;;;;;;;;;;;;;;;;;;;;;;;;;;;;;;;;;;15.07244968;11.83438969;12.02513981;13.18852997;14.59364033;12.69423962;13.67675972;15.29337978;15.63601017;12.21487999;12.80049992;14.31215954;15.33145046;14.56050968;16.35024071;;;16.27640915;;
Turkmenistan;;;;;;;;;;;;;;;;;;;;;;;;;;;;;;;;;;;;;;;;;;;;;;;;;;;;;;20.79550934;;;;;
Latin America & the Caribbean (IDA & IBRD countries);East Asia & Pacific;;;;;;;;;;;;;;;;;;;;;;;;;;;;;;;;;;;;;;;14.53232956;15.63321972;15.25037003;16.3576107;16.06554031;14.88700008;15.27385044;;15.97432041;16.43733025;18.08555984;17.27350998;17.11610985;15.96354008;17.82895088;16.91362;16.84210014;;;
Timor-Leste;;;;;;;;;;;;;;;;;;;;;;;;;;;;;;;;;;;;;;;;;;;;;;;;;;9.864560127;15.52863979;12.88815975;9.617289543;6.665649891;7.316050053;8.003849983;;;
Middle East & North Africa (IDA & IBRD countries);East Asia & Pacific;;;;;;;;;;;;;;;;;;;;;;;;;;;;;;;;;;;;;;;;;;;;;;;;;14.97993994;;;;;;;;;
Tonga;;;;;;;;;;;;;;;;;;;;;;;;;;;;;;;;;;;;;;;;;22.60827065;22.95586014;19.78190041;15.46275043;18.41225052;18.10252953;;;;;;;;;;;;;
South Asia (IDA & IBRD);;;;;;;;;;;;;;;;;;;;;;;;;;;;;;;;;;;;;;;13.90414047;;17.64340973;18.30504513;;;16.68162918;13.75265503;13.77750969;16.31281519;18.15340042;17.81619072;11.86443043;11.86466026;14.86247492;12.55165529;13.95688963;12.88329506;12.84813976;;
Sub-Saharan Africa (IDA & IBRD countries);Latin America & Caribbean;;;;;;;;;;;;;;;;;;;;;;;;;;;;;;;;;;;;;;;;;15.2598896;15.74110985;16.42010975;;17.1487999;18.03303909;18.07816982;;17.08222485;18.24093914;17.31328487;15.11833;16.42831993;16.62344933;;;;
Trinidad and Tobago;Middle East & North Africa;;;;;;;;;;;;;;;;;;;;;;;;;;;;;;13.01912022;14.13549042;;;;14.05704975;13.54578972;13.3306303;11.30700016;8.039950371;9.709819794;10.42718029;10.42364979;13.39844036;13.33584976;;;;;;;;;;;;;;
Tunisia;Europe & Central Asia;;;;;;;;;;;;;;;;;;;;;;;;;;;;;;;;;21.41025925;22.05631065;22.28969002;23.94907951;23.66467094;26.21273041;;25.15031052;25.04730988;24.96656036;23.14702034;28.03187943;27.73620987;26.73797035;27.13843918;27.22320938;25.34732056;26.40063095;24.39800072;;20.64607048;;;;;
Turkey;East Asia & Pacific;;;;;;;;;;;;;;;;;;;;;;;;;;;;;;;;;;;;;;;;;7.082409859;6.608960152;6.5322299;7.152460098;8.775930405;;8.548620224;;;;;;11.11423016;12.43043995;;;;
Tuvalu;Sub-Saharan Africa;;;;;;;;;;;;;;;;;;;;;;;;;;;;;;;;;;;;;;;;;;;;;;;;;;;;;;;;;;
Tanzania;Sub-Saharan Africa;;;;;;;;;;;;;;;;;;;;;;;;;;;;;;;;;;;;;12.50030994;12.62788963;11.79397011;;;;;;19.49263954;18.14314079;15.0141201;19.43173981;18.77840996;17.41091919;19.64801025;;;;17.29710007;;;
Uganda;Europe & Central Asia;;;;;;;;;;;;;;;;;;;;;;;;;;;;;;;;;;;;;;;;;10.35486984;;;;20.30834007;;;;;;10.10488987;13.61137009;11.45189953;11.74312019;11.70491028;;;
Ukraine;;;;;;;;;;;;;;;;;;;;;;;;;;;;;;;;;;;;;;;12.92467022;11.59928036;13.53417015;11.35896969;12.81095028;14.36096001;14.41952038;12.78174973;13.73865032;13.92323017;14.03619003;13.55782986;15.05482006;;13.48431969;13.66551971;13.86763954;13.12135029;;;
Upper middle income;Latin America & Caribbean;;;;;;;;;;;;;;;;;;;;;;;;;;;;;;;;;;;;;;;;;16.51177979;16.3576107;14.66877031;15.097785;13.94995499;;13.7688303;13.21811962;14.30811977;14.72313976;14.57314968;14.03116035;15.14791012;15.22387981;;;;
Uruguay;North America;;;;;;;;;;;;;;;;;;;;;;;;;;;;;;;;;;;;;;;;;8.318840027;9.199899673;7.719130039;6.829500198;8.420539856;9.464830399;9.898180008;;;;;14.92588997;;;;;;
United States;Europe & Central Asia;;;;;;;;;;;;;;;;;;;;;;;;;;;;;;;;;;;;;;;;;;;16.52621078;16.57224083;15.66388035;15.11192989;15.1583004;14.54073048;13.97609997;12.88782024;13.05513954;12.93340969;13.38630009;13.28635979;14.54819965;;;
Uzbekistan;Latin America & Caribbean;;;;;;;;;;;;;;;;;;;;;;;;;;;;;;;;;;;;;;;;;;;;;;;;;;;;;;;;;;
St. Vincent and the Grenadines;Latin America & Caribbean;;;;;;;;;;;;;;;;;;;;;;;;;;;22.89880943;;;18.24648094;;20.69968987;;;;;;;14.84941959;21.14543915;30.78919983;;28.7013092;31.47550964;;22.59198952;;20.03841019;;17.33849907;15.48563004;;;;;;;
Venezuela. RB;Latin America & Caribbean;;;;;;;;;;;;;;;;;;;;;;;;;;;;;;;11.35783958;;17.30758095;16.44716072;28.77946091;;;;;;;;;;;;9.343999863;10.09004974;;20.66357994;;;;;;;;
British Virgin Islands;Latin America & Caribbean;;;;;;;;;;;;;;;;;;;;;;;;;;;;;;;;;;;;;;;;;;;;;;;;;;;;;;;;;;
Virgin Islands (U.S.);East Asia & Pacific;;;;;;;;;;;;;;;;;;;;;;;;;;;;;;;;;;;;;;;;;;;;;;;;;;;;;;;;;;
Vietnam;East Asia & Pacific;;;;;;;;;;;;;;;;;;;;;;;;;;;;;;;;;;;;;;;;;;;;;;;;;18.05421066;15.23900032;17.11449051;17.86837006;18.81921005;18.53307915;;;;
Vanuatu;;;;;;;;;;;;;;;;;;;;;;;;;;;;;;;;;;;;17.5349102;;;;27.40110016;25.82177925;27.5241909;40.07754898;36.40961838;44.80179977;;;;;21.40563011;18.72315025;;;;;21.59843063;22.29846001;;
World;East Asia & Pacific;;;;;;;;;;;;;;;;;;;;;;;;;;;;;;;;;;;;;;;;14.60113001;13.38860989;14.28713512;14.58585024;14.65830994;13.67675972;13.86226511;13.97926521;13.77239513;14.26844978;14.31215954;14.32759953;13.6826601;14.45443487;14.13280964;;;;
Samoa;Europe & Central Asia;;;;;;;;;;;;;;;;;;;;;;;;;;;;;;;;;;;;;;;;13.41716957;10.4612999;12.77033043;12.79380035;;;;;;16.06422997;;;;;;;;;
Kosovo;Middle East & North Africa;;;;;;;;;;;;;;;;;;;;;;;;;;;;;;;;;;;;;;;;;;;;;;;;;;;;;;;;;;
Yemen. Rep.;Sub-Saharan Africa;;;;;;;;;;;;;;;;;;;;;;;;;;;;;;;;;;;;;;;;;30.4892807;30.32127953;;;;;;;12.48923969;;;;;;;;;
South Africa;Sub-Saharan Africa;;;;;;;;;;;;;;;;;;;;;;;;;;;;;;;;;;;;;;;;;;20.47204971;20.09569931;19.59230042;19.93462944;19.9249897;19.68185043;18.38215065;17.90630913;18.30625916;18.04437065;18.92161942;20.62221909;19.17123985;19.13034058;;;
Zambia;Sub-Saharan Africa;;;;;;;;;;;;;;;;;;;;;;;;;;;;;;;;;;;;;;;;;8.352620125;;;;10.58498955;7.729730129;;6.227910042;5.651800156;;;;;;;;;
Zimbabwe;;;;;;;;;;;;;;;;;;;;;;;;;;;;;;;;;;;;;;;;;;;;;;;;;;;;8.720910072;;29.19920921;28.66033936;30.00761986;;;
