Country Name,2016_PRS16VA,2016_PRS16PV,2016_PRS16GE,2016_PRS16RQ,2016_PRS16RL,2016_PRS16CC,2015_PRS15VA,2015_PRS15PV,2015_PRS15GE,2015_PRS15RQ,2015_PRS15RL,2015_PRS15CC,2014_PRS14VA,2014_PRS14PV,2014_PRS14GE,2014_PRS14RQ,2014_PRS14RL,2014_PRS14CC,2013_PRS13VA,2013_PRS13PV,2013_PRS13GE,2013_PRS13RQ,2013_PRS13RL,2013_PRS13CC,2012_PRS12VA,2012_PRS12PV,2012_PRS12GE,2012_PRS12RQ,2012_PRS12RL,2012_PRS12CC,2011_PRS11VA,2011_PRS11PV,2011_PRS11GE,2011_PRS11RQ,2011_PRS11RL,2011_PRS11CC,2010_PRS10VA,2010_PRS10PV,2010_PRS10GE,2010_PRS10RQ,2010_PRS10RL,2010_PRS10CC,2009_PRS09VA,2009_PRS09PV,2009_PRS09GE,2009_PRS09RQ,2009_PRS09RL,2009_PRS09CC,2008_PRS08VA,2008_PRS08PV,2008_PRS08GE,2008_PRS08RQ,2008_PRS08RL,2008_PRS08CC,2007_PRS07VA,2007_PRS07PV,2007_PRS07GE,2007_PRS07RQ,2007_PRS07RL,2007_PRS07CC,2006_PRS06VA,2006_PRS06PV,2006_PRS06GE,2006_PRS06RQ,2006_PRS06RL,2006_PRS06CC,2005_PRS05VA,2005_PRS05PV,2005_PRS05GE,2005_PRS05RQ,2005_PRS05RL,2005_PRS05CC,2004_PRS04VA,2004_PRS04PV,2004_PRS04GE,2004_PRS04RQ,2004_PRS04RL,2004_PRS04CC,2003_PRS03VA,2003_PRS03PV,2003_PRS03GE,2003_PRS03RQ,2003_PRS03RL,2003_PRS03CC,2002_PRS02VA,2002_PRS02PV,2002_PRS02GE,2002_PRS02RQ,2002_PRS02RL,2002_PRS02CC,2000_PRS00VA,2000_PRS00PV,2000_PRS00GE,2000_PRS00RQ,2000_PRS00RL,2000_PRS00CC,1998_PRS98VA,1998_PRS98PV,1998_PRS98GE,1998_PRS98RQ,1998_PRS98RL,1998_PRS98CC,1996_PRS96VA,1996_PRS96PV,1996_PRS96GE,1996_PRS96RQ,1996_PRS96RL,1996_PRS96CC
Albania,0.83,0.76,0.50,0.64,0.42,0.42,0.83,0.73,0.50,0.55,0.42,0.42,0.83,0.73,0.50,0.55,0.42,0.42,0.83,0.79,0.50,0.55,0.42,0.33,0.83,0.71,0.50,0.55,0.42,0.33,0.83,0.71,0.50,0.68,0.42,0.33,0.83,0.74,0.50,0.68,0.42,0.33,0.83,0.77,0.50,0.68,0.42,0.25,0.83,0.79,0.50,0.68,0.42,0.25,0.79,0.79,0.50,0.68,0.42,0.17,0.83,0.80,0.50,0.64,0.42,0.17,0.83,0.79,0.50,0.64,0.42,0.17,0.75,0.76,0.50,0.64,0.33,0.33,0.75,0.81,0.50,0.64,0.33,0.33,0.71,0.86,0.50,0.64,0.33,0.33,0.75,0.78,0.25,0.45,0.33,0.33,0.67,0.68,0.25,0.27,0.50,0.50,0.50,0.89,0.25,0.45,0.67,0.33
Algeria,0.54,0.60,0.50,0.55,0.50,0.33,0.50,0.63,0.50,0.68,0.50,0.33,0.50,0.61,0.50,0.68,0.50,0.33,0.54,0.60,0.50,0.68,0.50,0.33,0.54,0.61,0.50,0.59,0.50,0.33,0.54,0.62,0.50,0.59,0.50,0.33,0.54,0.70,0.50,0.59,0.50,0.33,0.54,0.74,0.50,0.64,0.50,0.25,0.58,0.71,0.50,0.64,0.50,0.25,0.63,0.71,0.50,0.68,0.50,0.25,0.63,0.73,0.50,0.68,0.50,0.25,0.63,0.71,0.50,0.77,0.50,0.25,0.63,0.67,0.50,0.68,0.50,0.25,0.17,0.53,0.50,0.64,0.33,0.25,0.17,0.57,0.50,0.64,0.33,0.25,0.25,0.54,0.50,0.55,0.33,0.33,0.17,0.47,0.50,0.45,0.33,0.33,0.33,0.64,0.25,0.55,0.50,0.50
Angola,0.38,0.66,0.38,0.50,0.42,0.17,0.38,0.65,0.38,0.50,0.42,0.17,0.38,0.65,0.38,0.59,0.42,0.17,0.38,0.68,0.38,0.64,0.42,0.25,0.38,0.69,0.38,0.59,0.42,0.25,0.38,0.67,0.38,0.59,0.42,0.33,0.33,0.73,0.38,0.64,0.50,0.33,0.33,0.75,0.38,0.64,0.50,0.33,0.33,0.75,0.38,0.64,0.50,0.33,0.33,0.73,0.38,0.64,0.50,0.33,0.33,0.74,0.25,0.64,0.50,0.33,0.33,0.73,0.25,0.59,0.50,0.33,0.33,0.72,0.25,0.64,0.50,0.33,0.42,0.74,0.25,0.64,0.50,0.33,0.33,0.67,0.25,0.68,0.50,0.33,0.33,0.65,0.25,0.09,0.50,0.33,0.42,0.51,0.25,0.27,0.50,0.33,0.25,0.67,0.75,0.27,0.33,0.50
Argentina,0.71,0.75,0.75,0.64,0.33,0.33,0.71,0.80,0.75,0.55,0.33,0.33,0.71,0.73,0.75,0.45,0.33,0.33,0.71,0.72,0.75,0.50,0.33,0.33,0.71,0.72,0.75,0.45,0.33,0.33,0.75,0.81,0.75,0.50,0.42,0.42,0.75,0.74,0.75,0.41,0.42,0.42,0.75,0.74,0.75,0.41,0.42,0.42,0.75,0.76,0.75,0.41,0.42,0.42,0.75,0.84,0.75,0.50,0.42,0.42,0.75,0.88,0.75,0.50,0.42,0.42,0.75,0.85,0.75,0.55,0.50,0.42,0.71,0.80,0.75,0.41,0.50,0.42,0.71,0.84,0.75,0.41,0.25,0.42,0.71,0.67,0.75,0.32,0.25,0.33,0.75,0.86,0.75,0.36,0.83,0.50,0.75,0.89,0.75,0.64,0.83,0.33,0.83,0.89,0.50,0.45,0.83,0.50
Armenia,0.50,0.66,0.25,0.59,0.50,0.33,0.50,0.66,0.25,0.59,0.50,0.33,0.50,0.65,0.25,0.59,0.50,0.33,0.50,0.70,0.25,0.64,0.50,0.25,0.50,0.70,0.25,0.64,0.50,0.25,0.50,0.68,0.25,0.68,0.50,0.25,0.50,0.74,0.25,0.68,0.50,0.25,0.50,0.77,0.25,0.68,0.50,0.25,0.50,0.76,0.25,0.68,0.50,0.25,0.58,0.76,0.25,0.68,0.50,0.25,0.54,0.76,0.25,0.68,0.50,0.25,0.54,0.73,0.25,0.64,0.50,0.25,0.50,0.72,0.25,0.64,0.50,0.25,0.50,0.75,0.25,0.64,0.50,0.25,0.63,0.67,0.25,0.64,0.50,0.25,0.67,0.66,0.25,0.27,0.50,0.33,0.67,0.75,0.25,0.36,0.83,0.33,#N/A,#N/A,#N/A,#N/A,#N/A,#N/A
Australia,1.00,0.71,1.00,1.00,0.92,0.75,1.00,0.72,1.00,1.00,0.92,0.75,1.00,0.72,1.00,1.00,0.92,0.75,1.00,0.76,1.00,0.91,0.92,0.75,1.00,0.72,1.00,0.86,0.92,0.75,1.00,0.69,1.00,0.86,0.92,0.83,1.00,0.72,1.00,0.86,0.92,0.83,1.00,0.79,1.00,1.00,0.92,0.75,1.00,0.78,1.00,1.00,0.92,0.75,1.00,0.77,1.00,1.00,0.92,0.75,1.00,0.73,1.00,1.00,0.92,0.75,1.00,0.76,1.00,1.00,0.92,0.83,1.00,0.77,1.00,1.00,1.00,0.83,1.00,0.76,1.00,0.95,1.00,0.75,1.00,0.79,1.00,0.82,1.00,0.75,1.00,0.83,1.00,0.82,1.00,0.83,1.00,0.76,1.00,0.64,1.00,0.83,1.00,0.94,1.00,0.45,1.00,0.83
Austria,1.00,0.72,1.00,0.77,1.00,0.75,1.00,0.72,1.00,0.77,1.00,0.75,1.00,0.76,1.00,0.77,1.00,0.75,1.00,0.77,1.00,0.64,1.00,0.75,1.00,0.75,1.00,0.64,1.00,0.75,1.00,0.77,1.00,0.77,1.00,0.75,1.00,0.80,1.00,0.95,1.00,0.83,1.00,0.84,1.00,1.00,1.00,0.83,1.00,0.84,1.00,1.00,1.00,0.83,0.96,0.81,1.00,1.00,1.00,0.83,0.96,0.73,1.00,1.00,1.00,0.83,0.92,0.79,1.00,1.00,1.00,0.83,0.92,0.81,1.00,1.00,1.00,0.83,0.92,0.83,1.00,1.00,1.00,0.83,0.92,0.81,1.00,1.00,1.00,0.83,0.92,0.73,1.00,0.82,1.00,0.67,0.92,0.91,1.00,0.73,1.00,0.67,1.00,0.91,1.00,0.64,1.00,0.83
Azerbaijan,0.38,0.64,0.25,0.45,0.58,0.25,0.38,0.65,0.25,0.45,0.58,0.25,0.38,0.69,0.25,0.68,0.58,0.25,0.38,0.69,0.25,0.68,0.58,0.25,0.42,0.69,0.25,0.68,0.58,0.25,0.42,0.73,0.25,0.77,0.58,0.25,0.42,0.74,0.25,0.77,0.58,0.25,0.42,0.76,0.25,0.77,0.58,0.25,0.42,0.72,0.25,0.77,0.58,0.25,0.46,0.71,0.25,0.77,0.58,0.25,0.46,0.73,0.25,0.77,0.58,0.25,0.46,0.72,0.25,0.77,0.58,0.25,0.46,0.73,0.25,0.64,0.67,0.33,0.46,0.71,0.25,0.59,0.67,0.33,0.50,0.63,0.25,0.73,0.67,0.33,0.50,0.67,0.25,0.73,0.67,0.33,0.50,0.69,0.25,0.55,0.83,0.33,#N/A,#N/A,#N/A,#N/A,#N/A,#N/A
"Bahamas, The",0.96,0.79,0.75,0.91,0.67,0.75,0.96,0.80,0.75,0.91,0.75,0.75,0.96,0.80,0.75,0.86,0.75,0.75,0.96,0.80,0.75,0.86,0.75,0.67,0.96,0.81,0.75,0.86,0.75,0.67,0.96,0.79,0.75,0.95,0.75,0.67,0.96,0.83,0.75,0.95,0.75,0.67,0.96,0.83,0.75,0.95,0.75,0.67,0.96,0.83,0.75,0.95,0.75,0.67,0.96,0.83,0.75,0.95,0.75,0.67,0.92,0.87,0.75,0.95,0.75,0.67,0.92,0.87,0.75,0.95,0.75,0.67,0.92,0.91,0.75,0.95,0.75,0.67,0.83,0.90,0.75,0.95,0.67,0.67,0.83,0.91,0.75,0.95,0.67,0.67,0.83,0.91,0.75,0.82,0.67,0.67,0.83,0.89,0.75,0.82,0.67,0.67,0.83,0.89,0.75,0.55,0.67,0.67
Bahrain,0.54,0.64,0.50,0.68,0.75,0.42,0.54,0.66,0.50,0.77,0.75,0.42,0.54,0.66,0.50,0.77,0.75,0.50,0.54,0.63,0.50,0.82,0.75,0.50,0.58,0.64,0.50,0.86,0.75,0.50,0.63,0.69,0.50,0.86,0.83,0.42,0.63,0.78,0.50,0.95,0.83,0.42,0.63,0.78,0.50,0.95,0.83,0.33,0.63,0.78,0.50,0.95,0.83,0.33,0.63,0.80,0.50,0.95,0.83,0.33,0.63,0.78,0.50,0.95,0.83,0.33,0.46,0.83,0.50,0.95,0.83,0.33,0.50,0.84,0.50,0.95,0.83,0.33,0.63,0.86,0.50,0.95,0.83,0.33,0.63,0.91,0.50,0.95,0.83,0.33,0.25,0.76,0.50,0.73,0.83,0.50,0.25,0.73,0.50,0.73,0.83,0.50,0.50,0.76,0.50,0.45,0.83,0.50
Bangladesh,0.50,0.58,0.50,0.50,0.33,0.50,0.50,0.58,0.50,0.59,0.33,0.50,0.50,0.56,0.50,0.50,0.33,0.50,0.50,0.52,0.50,0.45,0.33,0.50,0.50,0.55,0.50,0.45,0.33,0.50,0.50,0.55,0.50,0.45,0.33,0.50,0.50,0.58,0.50,0.55,0.33,0.50,0.54,0.62,0.50,0.55,0.42,0.50,0.33,0.57,0.50,0.55,0.42,0.42,0.38,0.55,0.50,0.55,0.42,0.42,0.46,0.56,0.50,0.50,0.42,0.25,0.50,0.59,0.50,0.55,0.42,0.25,0.46,0.58,0.50,0.50,0.25,0.25,0.42,0.63,0.50,0.50,0.17,0.17,0.46,0.68,0.50,0.36,0.25,0.17,0.67,0.73,0.50,0.45,0.33,0.33,0.67,0.82,0.50,0.45,0.50,0.33,0.67,0.85,0.25,0.36,0.50,0.33
Belarus,0.33,0.74,0.38,0.55,0.58,0.33,0.33,0.73,0.38,0.50,0.58,0.33,0.33,0.67,0.25,0.50,0.58,0.33,0.33,0.67,0.25,0.50,0.58,0.25,0.33,0.67,0.25,0.50,0.58,0.25,0.38,0.64,0.25,0.45,0.67,0.33,0.38,0.79,0.25,0.64,0.67,0.33,0.38,0.80,0.25,0.64,0.67,0.33,0.38,0.79,0.25,0.64,0.67,0.33,0.33,0.78,0.25,0.41,0.67,0.33,0.33,0.79,0.25,0.41,0.67,0.33,0.33,0.77,0.25,0.41,0.67,0.33,0.50,0.83,0.25,0.41,0.67,0.33,0.58,0.83,0.25,0.41,0.67,0.33,0.50,0.79,0.25,0.41,0.67,0.33,0.50,0.75,0.25,0.27,0.67,0.50,0.67,0.80,0.25,0.36,0.67,0.67,#N/A,#N/A,#N/A,#N/A,#N/A,#N/A
Belgium,1.00,0.67,1.00,0.73,0.83,0.75,1.00,0.69,1.00,0.64,0.83,0.75,1.00,0.72,1.00,0.64,0.83,0.75,1.00,0.74,1.00,0.64,0.83,0.83,1.00,0.73,1.00,0.64,0.83,0.83,1.00,0.76,1.00,0.59,0.83,0.83,1.00,0.74,1.00,0.77,0.83,0.83,1.00,0.77,1.00,0.86,0.83,0.83,1.00,0.73,1.00,0.86,0.83,0.58,1.00,0.69,1.00,0.95,0.83,0.58,1.00,0.75,1.00,0.95,0.83,0.58,1.00,0.77,1.00,0.95,0.83,0.67,1.00,0.76,1.00,0.95,0.83,0.67,1.00,0.80,1.00,0.95,0.83,0.67,1.00,0.81,1.00,0.95,0.83,0.67,0.92,0.78,1.00,0.73,0.83,0.67,0.92,0.83,1.00,0.73,0.83,0.50,1.00,0.89,1.00,0.64,1.00,0.67
Bolivia,0.54,0.61,0.63,0.45,0.42,0.33,0.54,0.65,0.63,0.50,0.42,0.33,0.54,0.70,0.63,0.50,0.42,0.33,0.54,0.65,0.63,0.36,0.42,0.33,0.54,0.64,0.50,0.36,0.42,0.25,0.54,0.64,0.50,0.36,0.42,0.33,0.54,0.68,0.50,0.36,0.42,0.33,0.58,0.70,0.50,0.36,0.42,0.33,0.67,0.68,0.50,0.36,0.50,0.33,0.67,0.66,0.50,0.18,0.50,0.33,0.75,0.60,0.50,0.18,0.50,0.33,0.58,0.56,0.50,0.50,0.50,0.33,0.58,0.61,0.50,0.59,0.50,0.33,0.58,0.70,0.50,0.77,0.50,0.33,0.58,0.67,0.50,0.77,0.50,0.33,0.58,0.76,0.50,0.82,0.50,0.50,0.58,0.67,0.50,0.82,0.50,0.50,0.58,0.67,0.25,0.55,0.50,0.50
Botswana,0.71,0.77,0.50,0.86,0.58,0.67,0.71,0.79,0.50,0.86,0.58,0.67,0.71,0.80,0.50,0.86,0.58,0.67,0.71,0.80,0.50,0.86,0.58,0.58,0.71,0.80,0.50,0.86,0.58,0.58,0.71,0.76,0.50,0.86,0.58,0.58,0.79,0.82,0.50,0.86,0.58,0.58,0.79,0.86,0.50,0.86,0.58,0.58,0.79,0.85,0.50,0.86,0.58,0.58,0.79,0.85,0.50,0.86,0.58,0.58,0.79,0.86,0.50,0.86,0.67,0.67,0.83,0.86,0.50,0.95,0.67,0.50,0.83,0.86,0.50,0.95,0.67,0.50,0.83,0.84,0.50,0.95,0.58,0.50,0.75,0.84,0.50,0.95,0.58,0.50,0.75,0.91,0.50,0.91,0.67,0.50,0.75,0.89,0.50,0.91,0.67,0.50,0.92,0.84,0.50,0.45,0.67,0.50
Brazil,0.75,0.65,0.50,0.59,0.33,0.33,0.75,0.58,0.50,0.50,0.33,0.33,0.75,0.66,0.50,0.64,0.33,0.33,0.75,0.64,0.50,0.59,0.33,0.42,0.75,0.72,0.50,0.59,0.33,0.42,0.75,0.68,0.50,0.64,0.33,0.50,0.75,0.72,0.50,0.64,0.33,0.50,0.75,0.74,0.50,0.55,0.33,0.50,0.75,0.74,0.50,0.55,0.33,0.50,0.75,0.72,0.50,0.59,0.33,0.33,0.75,0.72,0.50,0.59,0.42,0.33,0.75,0.72,0.50,0.59,0.42,0.25,0.75,0.73,0.50,0.59,0.42,0.33,0.75,0.77,0.50,0.64,0.25,0.67,0.75,0.74,0.50,0.59,0.25,0.67,0.67,0.72,0.50,0.45,0.33,0.50,0.67,0.78,0.50,0.45,0.33,0.50,0.58,0.78,0.75,0.36,0.50,0.50
Brunei Darussalam,0.46,0.79,0.88,0.77,0.83,0.42,0.46,0.78,0.88,0.77,0.83,0.42,0.46,0.84,0.88,0.86,0.83,0.42,0.46,0.89,0.88,0.95,0.83,0.42,0.46,0.90,0.88,0.95,0.83,0.42,0.46,0.94,0.88,0.95,0.83,0.42,0.46,0.94,0.88,0.95,0.83,0.42,0.46,0.94,0.88,0.95,0.83,0.42,0.46,0.94,0.88,0.95,0.83,0.42,0.46,0.94,0.88,0.95,0.83,0.42,0.46,0.94,0.88,0.95,0.83,0.42,0.46,0.94,0.75,0.95,0.83,0.42,0.46,0.91,0.75,0.95,1.00,0.42,0.42,0.92,0.75,0.95,1.00,0.42,0.42,0.90,0.75,0.95,1.00,0.42,0.42,0.91,0.75,0.64,1.00,0.50,0.42,0.89,0.75,0.55,1.00,0.50,0.50,0.87,0.88,0.91,1.00,0.67
Bulgaria,0.88,0.69,0.50,0.86,0.50,0.50,0.88,0.70,0.50,0.86,0.50,0.42,0.88,0.68,0.50,0.68,0.42,0.42,0.88,0.69,0.50,0.73,0.42,0.33,0.88,0.70,0.50,0.73,0.42,0.33,0.88,0.69,0.50,0.68,0.42,0.33,0.88,0.69,0.50,0.77,0.42,0.33,0.88,0.72,0.50,0.86,0.42,0.33,0.88,0.72,0.50,0.95,0.42,0.33,0.88,0.77,0.50,0.95,0.42,0.33,0.88,0.79,0.50,0.95,0.42,0.33,0.88,0.74,0.50,0.95,0.67,0.33,0.83,0.71,0.50,0.95,0.67,0.33,0.83,0.76,0.50,0.95,0.67,0.33,0.83,0.79,0.50,0.95,0.67,0.33,0.83,0.75,0.50,0.82,0.67,0.33,0.83,0.94,0.50,0.82,0.67,0.67,0.92,0.87,0.50,0.36,0.83,0.67
Burkina Faso,0.58,0.63,0.25,0.59,0.58,0.42,0.58,0.63,0.25,0.59,0.50,0.42,0.42,0.61,0.25,0.59,0.50,0.42,0.46,0.61,0.25,0.55,0.50,0.33,0.46,0.64,0.25,0.55,0.50,0.33,0.42,0.61,0.25,0.59,0.50,0.33,0.46,0.67,0.25,0.77,0.58,0.33,0.46,0.69,0.25,0.77,0.58,0.33,0.46,0.71,0.25,0.77,0.58,0.33,0.46,0.71,0.25,0.77,0.58,0.33,0.50,0.71,0.25,0.77,0.58,0.33,0.50,0.71,0.25,0.73,0.58,0.33,0.54,0.67,0.25,0.73,0.58,0.33,0.54,0.71,0.25,0.73,0.58,0.33,0.63,0.72,0.25,0.73,0.58,0.33,0.58,0.76,0.25,0.64,0.67,0.33,0.50,0.76,0.25,0.73,0.67,0.33,0.42,0.60,0.25,0.55,0.67,0.50
Cameroon,0.42,0.61,0.38,0.64,0.33,0.33,0.42,0.63,0.38,0.64,0.33,0.33,0.42,0.63,0.38,0.64,0.33,0.33,0.42,0.71,0.38,0.64,0.33,0.33,0.46,0.70,0.38,0.59,0.33,0.33,0.46,0.71,0.38,0.59,0.33,0.42,0.50,0.75,0.38,0.73,0.33,0.42,0.50,0.79,0.38,0.73,0.33,0.58,0.54,0.79,0.38,0.73,0.33,0.67,0.63,0.79,0.25,0.73,0.33,0.58,0.63,0.78,0.25,0.68,0.42,0.50,0.63,0.79,0.25,0.64,0.33,0.33,0.63,0.64,0.25,0.64,0.33,0.33,0.50,0.63,0.25,0.50,0.33,0.33,0.50,0.65,0.25,0.50,0.33,0.33,0.50,0.63,0.25,0.64,0.33,0.33,0.50,0.65,0.25,0.64,0.50,0.33,0.58,0.54,0.75,0.18,0.50,0.50
Canada,1.00,0.76,1.00,1.00,0.92,0.83,1.00,0.76,1.00,1.00,0.92,0.83,1.00,0.73,1.00,1.00,0.92,0.83,1.00,0.75,1.00,1.00,0.92,0.83,1.00,0.78,1.00,1.00,0.92,0.83,0.96,0.79,1.00,1.00,0.92,0.83,0.96,0.77,1.00,0.91,0.92,0.83,1.00,0.79,1.00,0.95,0.92,0.83,1.00,0.71,1.00,0.95,1.00,0.83,1.00,0.74,1.00,1.00,1.00,0.83,1.00,0.71,1.00,1.00,1.00,0.83,1.00,0.74,1.00,1.00,1.00,0.83,1.00,0.76,1.00,1.00,1.00,0.67,1.00,0.82,1.00,1.00,1.00,0.83,1.00,0.75,1.00,1.00,1.00,0.67,1.00,0.78,1.00,0.82,1.00,1.00,1.00,0.74,1.00,0.73,1.00,1.00,1.00,0.81,1.00,0.45,1.00,1.00
Chile,0.79,0.67,0.75,0.86,0.75,0.75,0.79,0.66,0.75,0.86,0.75,0.75,0.79,0.70,0.75,0.86,0.75,0.75,0.79,0.70,0.75,0.86,0.75,0.75,0.79,0.66,0.75,0.95,0.75,0.75,0.79,0.66,0.75,0.95,0.75,0.75,0.79,0.72,0.75,0.95,0.75,0.75,0.79,0.74,0.75,0.95,0.83,0.75,0.79,0.74,0.75,0.95,0.83,0.75,0.79,0.75,0.75,0.95,0.83,0.75,0.79,0.78,0.75,0.95,0.83,0.75,0.79,0.83,0.75,0.95,0.83,0.75,0.67,0.83,0.75,0.95,0.83,0.42,0.67,0.81,0.75,0.91,0.83,0.42,0.67,0.80,0.75,0.86,0.83,0.67,0.67,0.80,0.75,0.73,0.83,0.67,0.50,0.84,0.75,0.73,0.83,0.67,0.67,0.93,0.75,0.73,0.83,0.67
China,0.38,0.59,0.50,0.45,0.58,0.33,0.38,0.61,0.50,0.45,0.58,0.33,0.38,0.62,0.50,0.45,0.58,0.33,0.38,0.66,0.50,0.59,0.58,0.33,0.38,0.69,0.50,0.59,0.58,0.33,0.38,0.68,0.50,0.55,0.58,0.33,0.38,0.69,0.50,0.50,0.67,0.33,0.38,0.75,0.50,0.55,0.75,0.42,0.38,0.80,0.50,0.55,0.75,0.42,0.38,0.84,0.50,0.55,0.75,0.42,0.33,0.80,0.50,0.55,0.75,0.25,0.33,0.82,0.50,0.59,0.75,0.33,0.33,0.87,0.50,0.55,0.75,0.33,0.33,0.90,0.50,0.59,0.75,0.33,0.29,0.87,0.50,0.59,0.75,0.17,0.25,0.83,0.50,0.82,0.67,0.17,0.25,0.80,0.50,0.45,0.83,0.33,0.33,0.87,0.50,0.64,0.83,0.33
Colombia,0.58,0.74,0.50,0.64,0.33,0.42,0.54,0.70,0.50,0.64,0.33,0.42,0.54,0.71,0.50,0.64,0.33,0.42,0.54,0.65,0.50,0.64,0.33,0.42,0.54,0.63,0.50,0.64,0.33,0.42,0.54,0.70,0.50,0.64,0.33,0.50,0.54,0.74,0.50,0.68,0.33,0.50,0.54,0.70,0.50,0.68,0.33,0.50,0.54,0.67,0.50,0.68,0.33,0.50,0.54,0.65,0.50,0.68,0.25,0.42,0.54,0.66,0.50,0.68,0.25,0.42,0.54,0.64,0.50,0.68,0.17,0.50,0.54,0.66,0.50,0.73,0.17,0.50,0.42,0.59,0.50,0.68,0.17,0.50,0.42,0.56,0.50,0.77,0.17,0.50,0.42,0.69,0.50,0.18,0.17,0.33,0.42,0.64,0.50,0.27,0.33,0.33,0.42,0.59,0.75,0.45,0.33,0.33
"Congo, Rep.",0.50,0.70,0.25,0.55,0.33,0.25,0.50,0.73,0.25,0.68,0.33,0.25,0.25,0.73,0.25,0.68,0.33,0.25,0.25,0.73,0.25,0.68,0.33,0.25,0.25,0.73,0.25,0.68,0.33,0.25,0.25,0.72,0.25,0.68,0.33,0.33,0.25,0.76,0.25,0.68,0.33,0.33,0.25,0.76,0.25,0.68,0.33,0.33,0.25,0.76,0.25,0.73,0.33,0.33,0.25,0.73,0.25,0.73,0.33,0.33,0.25,0.76,0.25,0.73,0.33,0.33,0.25,0.76,0.25,0.68,0.33,0.33,0.25,0.80,0.25,0.59,0.33,0.33,0.25,0.79,0.25,0.59,0.33,0.33,0.25,0.76,0.25,0.68,0.33,0.33,0.08,0.76,0.25,0.45,0.33,0.67,0.08,0.67,0.25,0.27,0.17,0.67,0.42,0.69,0.25,0.36,0.50,0.50
"Congo, Dem. Rep.",0.29,0.43,0.00,0.50,0.17,0.25,0.29,0.44,0.00,0.50,0.17,0.25,0.17,0.42,0.00,0.45,0.17,0.25,0.17,0.45,0.00,0.45,0.17,0.25,0.17,0.47,0.00,0.45,0.17,0.25,0.17,0.46,0.00,0.45,0.17,0.25,0.17,0.47,0.00,0.45,0.17,0.25,0.17,0.52,0.00,0.45,0.17,0.25,0.17,0.50,0.00,0.45,0.17,0.17,0.17,0.47,0.00,0.45,0.17,0.17,0.17,0.43,0.00,0.45,0.17,0.17,0.13,0.44,0.00,0.45,0.17,0.17,0.08,0.46,0.00,0.45,0.17,0.17,0.08,0.54,0.00,0.45,0.17,0.17,0.08,0.53,0.00,0.45,0.17,0.17,0.08,0.43,0.00,0.00,0.17,0.17,0.08,0.23,0.00,0.00,0.17,0.17,0.25,0.25,0.25,0.18,0.17,0.00
Costa Rica,0.96,0.80,0.50,0.64,0.50,0.50,0.96,0.77,0.50,0.68,0.50,0.50,0.96,0.82,0.50,0.64,0.50,0.50,0.96,0.76,0.50,0.64,0.50,0.42,0.96,0.78,0.50,0.64,0.50,0.42,0.96,0.81,0.50,0.64,0.50,0.33,0.96,0.82,0.50,0.68,0.58,0.33,0.96,0.80,0.50,0.64,0.58,0.33,0.96,0.76,0.50,0.64,0.58,0.33,0.96,0.80,0.50,0.64,0.67,0.33,0.96,0.76,0.50,0.64,0.67,0.25,0.96,0.77,0.50,0.68,0.67,0.25,0.96,0.78,0.50,0.68,0.67,0.42,0.96,0.80,0.50,0.73,0.67,0.42,0.96,0.85,0.50,0.68,0.67,0.42,0.92,0.86,0.50,0.82,0.67,0.83,0.92,0.91,0.50,0.82,0.67,0.83,0.92,0.84,0.50,0.45,0.67,0.83
Côte d'Ivoire,0.50,0.57,0.00,0.64,0.42,0.33,0.38,0.59,0.00,0.64,0.42,0.33,0.38,0.59,0.00,0.64,0.42,0.33,0.38,0.56,0.00,0.59,0.42,0.25,0.38,0.52,0.00,0.64,0.42,0.25,0.38,0.59,0.00,0.50,0.42,0.33,0.38,0.54,0.00,0.36,0.42,0.33,0.29,0.55,0.00,0.36,0.42,0.42,0.29,0.57,0.00,0.36,0.42,0.42,0.29,0.58,0.00,0.36,0.42,0.33,0.29,0.56,0.00,0.36,0.42,0.25,0.25,0.47,0.00,0.36,0.42,0.25,0.25,0.53,0.00,0.41,0.42,0.33,0.25,0.59,0.00,0.45,0.42,0.50,0.21,0.49,0.00,0.45,0.42,0.50,0.33,0.61,0.00,0.09,0.50,0.50,0.58,0.69,0.50,0.73,0.50,0.33,0.58,0.60,0.75,0.36,0.50,0.50
Croatia,0.88,0.70,0.75,0.50,0.75,0.50,0.88,0.69,0.75,0.64,0.75,0.50,0.88,0.69,0.75,0.64,0.75,0.50,0.88,0.77,0.75,0.64,0.75,0.33,0.88,0.75,0.75,0.73,0.75,0.33,0.88,0.81,0.75,0.77,0.75,0.50,0.88,0.81,0.75,0.77,0.75,0.50,0.88,0.78,0.75,0.77,0.75,0.42,0.88,0.80,0.75,0.77,0.75,0.42,0.88,0.78,0.75,0.77,0.83,0.42,0.88,0.82,0.75,0.77,0.83,0.42,0.88,0.79,0.75,0.77,0.83,0.42,0.88,0.81,0.75,0.77,0.83,0.50,0.83,0.77,0.75,0.73,0.83,0.50,0.83,0.77,0.75,0.73,0.83,0.50,0.83,0.82,0.75,0.55,0.83,0.50,0.58,0.82,0.50,0.55,0.83,0.33,#N/A,#N/A,#N/A,#N/A,#N/A,#N/A
Cuba,0.17,0.83,0.50,0.50,0.50,0.42,0.17,0.84,0.50,0.55,0.50,0.42,0.13,0.82,0.50,0.45,0.50,0.42,0.13,0.82,0.50,0.32,0.50,0.42,0.13,0.81,0.50,0.23,0.50,0.42,0.13,0.82,0.50,0.23,0.50,0.50,0.13,0.83,0.50,0.18,0.50,0.50,0.13,0.83,0.50,0.23,0.50,0.42,0.17,0.82,0.50,0.23,0.50,0.42,0.17,0.83,0.50,0.23,0.67,0.42,0.17,0.84,0.50,0.23,0.67,0.42,0.17,0.85,0.50,0.23,0.67,0.42,0.17,0.83,0.50,0.23,0.67,0.42,0.25,0.82,0.50,0.23,0.67,0.42,0.25,0.85,0.50,0.36,0.67,0.42,0.25,0.84,0.50,0.45,0.67,0.33,0.25,0.80,0.50,0.45,0.83,0.33,0.42,0.91,0.25,0.55,0.83,0.50
Cyprus,0.92,0.64,1.00,0.86,0.83,0.67,0.92,0.64,1.00,0.86,0.83,0.67,0.92,0.63,1.00,0.86,0.83,0.67,0.92,0.59,1.00,0.45,0.83,0.67,0.92,0.63,1.00,0.59,0.83,0.67,0.92,0.64,1.00,0.68,0.83,0.67,0.92,0.72,1.00,0.95,0.83,0.67,0.92,0.72,1.00,0.95,0.83,0.67,0.92,0.71,1.00,0.95,0.83,0.67,0.92,0.70,1.00,1.00,0.83,0.67,0.92,0.72,1.00,1.00,0.83,0.67,0.92,0.71,1.00,1.00,0.83,0.67,0.92,0.71,1.00,1.00,0.83,0.67,0.92,0.72,1.00,1.00,0.83,0.67,0.92,0.58,1.00,1.00,0.83,0.67,0.92,0.63,1.00,0.64,0.83,0.67,0.75,0.58,1.00,0.73,0.83,0.67,0.83,0.67,0.88,0.55,0.83,0.83
Czech Republic,0.96,0.75,0.75,0.68,0.83,0.50,0.96,0.75,0.75,0.64,0.83,0.50,0.96,0.76,0.75,0.64,0.83,0.50,0.96,0.73,0.75,0.64,0.83,0.42,0.96,0.71,0.75,0.64,0.83,0.42,0.96,0.72,0.75,0.82,0.83,0.42,0.96,0.71,0.75,0.95,0.83,0.42,0.96,0.71,0.75,0.95,0.83,0.42,0.96,0.71,0.75,0.95,0.83,0.42,0.96,0.75,0.75,0.95,0.83,0.42,0.96,0.72,0.75,0.95,0.83,0.42,0.96,0.77,0.75,0.95,0.83,0.42,0.96,0.67,0.75,1.00,0.83,0.42,0.92,0.69,0.75,1.00,0.83,0.42,0.92,0.73,0.75,1.00,0.83,0.42,0.92,0.67,0.75,0.64,0.83,0.67,0.92,0.89,0.75,0.73,0.83,0.67,1.00,0.91,0.75,0.55,1.00,0.67
Denmark,1.00,0.64,1.00,0.59,1.00,0.92,1.00,0.63,1.00,0.73,1.00,0.92,1.00,0.63,1.00,0.59,1.00,0.92,1.00,0.63,1.00,0.59,1.00,0.92,1.00,0.63,1.00,0.68,1.00,0.92,1.00,0.68,1.00,0.82,1.00,0.92,1.00,0.69,1.00,0.91,1.00,0.92,1.00,0.69,1.00,0.91,1.00,0.92,1.00,0.68,1.00,0.91,1.00,0.92,1.00,0.68,1.00,0.95,1.00,0.92,1.00,0.67,1.00,0.95,1.00,0.92,1.00,0.75,1.00,0.95,1.00,0.92,1.00,0.70,1.00,0.95,1.00,0.92,1.00,0.73,1.00,0.95,1.00,0.92,1.00,0.83,1.00,0.95,1.00,0.92,1.00,0.95,1.00,0.82,1.00,1.00,1.00,0.93,1.00,0.64,1.00,1.00,1.00,0.93,1.00,0.55,1.00,1.00
Dominican Republic,0.67,0.84,0.25,0.77,0.42,0.33,0.67,0.82,0.25,0.77,0.33,0.33,0.67,0.83,0.25,0.73,0.42,0.33,0.67,0.80,0.25,0.73,0.42,0.25,0.67,0.80,0.25,0.64,0.42,0.25,0.67,0.78,0.25,0.77,0.42,0.33,0.67,0.81,0.25,0.77,0.42,0.33,0.67,0.81,0.25,0.77,0.42,0.33,0.67,0.82,0.25,0.77,0.42,0.33,0.67,0.81,0.25,0.77,0.42,0.33,0.67,0.82,0.25,0.77,0.42,0.33,0.67,0.78,0.25,0.77,0.33,0.33,0.67,0.76,0.25,0.64,0.33,0.33,0.67,0.67,0.25,0.64,0.33,0.33,0.67,0.79,0.25,0.68,0.33,0.33,0.67,0.78,0.25,0.91,0.67,0.67,0.58,0.76,0.25,0.91,0.67,0.67,0.58,0.83,0.50,0.45,0.67,0.67
Ecuador,0.38,0.61,0.50,0.50,0.42,0.33,0.38,0.61,0.50,0.45,0.42,0.33,0.38,0.68,0.50,0.55,0.42,0.33,0.42,0.67,0.50,0.45,0.42,0.42,0.42,0.63,0.50,0.41,0.42,0.42,0.42,0.61,0.50,0.23,0.42,0.42,0.42,0.63,0.50,0.18,0.42,0.42,0.42,0.63,0.50,0.23,0.42,0.50,0.46,0.61,0.50,0.23,0.42,0.50,0.50,0.65,0.50,0.27,0.42,0.50,0.46,0.61,0.50,0.27,0.42,0.50,0.46,0.65,0.50,0.41,0.42,0.50,0.46,0.66,0.50,0.41,0.50,0.50,0.46,0.61,0.50,0.45,0.50,0.50,0.50,0.65,0.50,0.45,0.50,0.50,0.50,0.67,0.50,0.36,0.50,0.50,0.58,0.80,0.50,0.55,0.50,0.50,0.58,0.76,0.50,0.27,0.67,0.67
"Egypt, Arab Rep.",0.25,0.66,0.50,0.59,0.50,0.33,0.25,0.66,0.50,0.55,0.50,0.33,0.25,0.65,0.50,0.50,0.50,0.33,0.25,0.59,0.50,0.45,0.50,0.33,0.21,0.63,0.50,0.45,0.50,0.33,0.25,0.64,0.50,0.45,0.50,0.33,0.33,0.72,0.50,0.50,0.58,0.33,0.42,0.75,0.50,0.50,0.58,0.33,0.42,0.77,0.50,0.50,0.58,0.33,0.42,0.79,0.50,0.50,0.58,0.33,0.42,0.84,0.50,0.50,0.67,0.33,0.46,0.84,0.50,0.50,0.67,0.25,0.42,0.86,0.50,0.50,0.67,0.25,0.42,0.89,0.50,0.50,0.67,0.25,0.42,0.86,0.50,0.50,0.67,0.25,0.42,0.80,0.50,0.82,0.67,0.33,0.42,0.82,0.50,0.73,0.67,0.33,0.50,0.73,0.50,0.55,0.67,0.33
El Salvador,0.63,0.77,0.50,0.50,0.25,0.33,0.63,0.76,0.50,0.59,0.25,0.42,0.63,0.78,0.50,0.64,0.25,0.42,0.63,0.83,0.50,0.64,0.33,0.33,0.63,0.83,0.50,0.64,0.33,0.33,0.63,0.86,0.50,0.64,0.33,0.42,0.63,0.86,0.50,0.64,0.25,0.42,0.63,0.84,0.50,0.64,0.25,0.42,0.63,0.83,0.50,0.64,0.25,0.42,0.67,0.82,0.50,0.64,0.25,0.42,0.67,0.82,0.50,0.64,0.33,0.42,0.67,0.80,0.50,0.64,0.42,0.42,0.67,0.81,0.50,0.68,0.50,0.42,0.58,0.83,0.50,0.45,0.42,0.42,0.58,0.84,0.50,0.45,0.42,0.42,0.58,0.86,0.50,0.73,0.50,0.67,0.58,0.89,0.50,0.82,0.50,0.67,0.58,0.84,0.25,0.45,0.50,0.50
Estonia,0.88,0.71,0.63,0.77,0.67,0.67,0.88,0.72,0.63,0.77,0.67,0.67,0.88,0.68,0.63,0.77,0.67,0.67,0.88,0.65,0.63,0.77,0.67,0.58,0.88,0.66,0.63,0.77,0.67,0.58,0.88,0.70,0.63,0.77,0.67,0.50,0.88,0.68,0.63,0.86,0.67,0.50,0.88,0.70,0.63,0.86,0.67,0.50,0.88,0.71,0.63,0.86,0.67,0.50,0.88,0.75,0.63,0.86,0.67,0.50,0.83,0.74,0.63,0.86,0.67,0.50,0.83,0.75,0.63,0.82,0.67,0.50,0.83,0.73,0.63,0.82,0.67,0.50,0.83,0.74,0.63,0.82,0.67,0.50,0.83,0.73,0.63,0.82,0.67,0.50,0.83,0.76,0.75,0.73,0.67,0.83,0.83,0.76,0.75,0.73,0.67,0.83,#N/A,#N/A,#N/A,#N/A,#N/A,#N/A
Ethiopia,0.29,0.52,0.38,0.55,0.75,0.33,0.29,0.55,0.38,0.59,0.75,0.33,0.29,0.51,0.38,0.50,0.75,0.33,0.29,0.50,0.38,0.50,0.75,0.33,0.29,0.49,0.38,0.50,0.75,0.25,0.29,0.52,0.38,0.50,0.75,0.33,0.33,0.55,0.38,0.50,0.75,0.33,0.38,0.52,0.38,0.45,0.75,0.33,0.38,0.55,0.38,0.55,0.75,0.33,0.46,0.51,0.38,0.55,0.75,0.33,0.46,0.51,0.25,0.55,0.83,0.33,0.42,0.50,0.25,0.55,0.83,0.33,0.42,0.57,0.25,0.55,0.83,0.33,0.42,0.58,0.25,0.55,0.83,0.33,0.42,0.55,0.25,0.55,0.83,0.33,0.42,0.72,0.25,0.82,0.83,0.33,0.42,0.71,0.25,0.82,0.83,0.33,0.33,0.76,0.25,0.55,0.83,0.33
Finland,1.00,0.82,1.00,0.86,1.00,0.92,1.00,0.82,1.00,0.86,1.00,0.92,1.00,0.82,1.00,0.86,1.00,0.92,1.00,0.84,1.00,0.86,1.00,0.92,1.00,0.86,1.00,0.86,1.00,0.92,1.00,0.88,1.00,0.82,1.00,1.00,1.00,0.89,1.00,1.00,1.00,1.00,1.00,0.90,1.00,1.00,1.00,1.00,1.00,0.89,1.00,1.00,1.00,1.00,1.00,0.92,1.00,1.00,1.00,1.00,1.00,0.91,1.00,1.00,1.00,1.00,1.00,0.91,1.00,1.00,1.00,1.00,1.00,0.91,1.00,1.00,1.00,1.00,1.00,0.91,1.00,1.00,1.00,1.00,1.00,0.92,1.00,1.00,1.00,1.00,1.00,0.95,1.00,0.64,1.00,1.00,1.00,0.91,1.00,0.82,1.00,1.00,1.00,0.86,0.88,0.45,1.00,1.00
France,0.92,0.56,0.75,0.73,0.83,0.75,0.96,0.60,0.75,0.73,0.83,0.75,0.96,0.57,0.75,0.59,0.83,0.75,0.96,0.57,0.75,0.59,0.83,0.67,0.96,0.63,0.75,0.59,0.83,0.75,0.96,0.62,0.75,0.64,0.83,0.75,0.96,0.67,0.75,0.91,0.83,0.75,0.96,0.71,0.75,0.91,0.83,0.83,0.96,0.68,0.75,0.91,0.83,0.83,0.96,0.68,0.75,1.00,0.83,0.83,0.96,0.64,0.75,1.00,0.83,0.58,0.96,0.66,0.75,1.00,0.83,0.58,0.92,0.69,0.75,1.00,0.83,0.50,0.83,0.74,0.75,1.00,0.75,0.50,0.83,0.80,0.75,1.00,0.75,0.50,0.83,0.73,1.00,0.73,0.83,0.50,0.83,0.87,1.00,0.73,0.83,0.67,1.00,0.83,0.88,0.55,1.00,0.67
Gabon,0.33,0.66,0.38,0.59,0.50,0.33,0.33,0.66,0.38,0.59,0.50,0.33,0.33,0.69,0.38,0.59,0.50,0.33,0.33,0.72,0.38,0.55,0.50,0.33,0.33,0.74,0.38,0.59,0.50,0.33,0.33,0.70,0.38,0.59,0.50,0.33,0.38,0.72,0.38,0.68,0.50,0.42,0.38,0.73,0.38,0.64,0.50,0.33,0.42,0.74,0.25,0.64,0.50,0.33,0.42,0.73,0.25,0.73,0.50,0.17,0.42,0.74,0.25,0.73,0.50,0.17,0.42,0.82,0.25,0.73,0.50,0.17,0.42,0.76,0.25,0.64,0.50,0.17,0.38,0.73,0.50,0.59,0.50,0.17,0.42,0.74,0.50,0.64,0.50,0.17,0.42,0.76,0.50,0.73,0.50,0.17,0.42,0.73,0.50,0.73,0.50,0.17,0.58,0.71,0.75,0.27,0.50,0.17
"Gambia, The",0.38,0.72,0.50,0.59,0.58,0.33,0.33,0.74,0.50,0.59,0.58,0.33,0.33,0.74,0.50,0.59,0.58,0.33,0.33,0.74,0.50,0.64,0.58,0.33,0.33,0.79,0.50,0.64,0.58,0.33,0.33,0.78,0.50,0.64,0.58,0.42,0.33,0.78,0.50,0.64,0.58,0.42,0.33,0.83,0.50,0.68,0.58,0.42,0.33,0.84,0.50,0.68,0.58,0.42,0.33,0.84,0.50,0.68,0.67,0.42,0.33,0.87,0.50,0.68,0.67,0.33,0.33,0.88,0.50,0.68,0.67,0.42,0.50,0.87,0.50,0.68,0.67,0.42,0.54,0.88,0.50,0.68,0.67,0.50,0.54,0.81,0.50,0.68,0.67,0.50,0.42,0.80,0.50,0.73,0.83,0.50,0.42,0.87,0.50,0.73,0.83,0.50,0.33,0.82,0.50,0.36,0.83,0.50
Germany,1.00,0.72,1.00,0.91,0.83,0.83,1.00,0.73,1.00,0.91,0.83,0.83,1.00,0.77,1.00,0.91,0.83,0.83,1.00,0.78,1.00,0.91,0.83,0.83,1.00,0.77,1.00,0.91,0.83,0.83,1.00,0.69,1.00,0.86,0.83,0.83,1.00,0.70,1.00,0.95,0.83,0.83,1.00,0.81,1.00,0.95,0.83,0.83,1.00,0.81,1.00,0.95,0.83,0.83,1.00,0.81,1.00,1.00,0.83,0.83,1.00,0.79,1.00,1.00,0.83,0.83,1.00,0.80,1.00,1.00,0.83,0.83,0.96,0.72,1.00,1.00,0.83,0.75,0.92,0.72,1.00,1.00,0.83,0.75,0.92,0.81,1.00,1.00,0.83,0.67,0.92,0.91,1.00,0.82,0.83,0.67,0.92,0.87,1.00,0.73,1.00,0.83,0.92,0.89,1.00,0.55,1.00,0.83
Ghana,0.67,0.70,0.63,0.64,0.42,0.50,0.67,0.68,0.63,0.68,0.42,0.50,0.67,0.67,0.63,0.59,0.42,0.50,0.67,0.71,0.63,0.59,0.42,0.42,0.67,0.73,0.63,0.59,0.42,0.42,0.67,0.74,0.63,0.59,0.42,0.42,0.67,0.69,0.63,0.55,0.42,0.42,0.67,0.74,0.63,0.64,0.42,0.25,0.67,0.74,0.63,0.68,0.42,0.25,0.67,0.75,0.63,0.68,0.42,0.25,0.67,0.77,0.63,0.68,0.42,0.25,0.67,0.77,0.50,0.68,0.42,0.25,0.58,0.68,0.50,0.59,0.33,0.42,0.46,0.68,0.50,0.55,0.33,0.42,0.46,0.69,0.50,0.55,0.33,0.42,0.42,0.67,0.50,0.73,0.33,0.33,0.42,0.74,0.50,0.73,0.50,0.33,0.50,0.74,0.75,0.36,0.50,0.50
Greece,0.92,0.72,0.75,0.68,0.75,0.42,0.92,0.75,0.75,0.73,0.75,0.42,0.92,0.70,0.75,0.55,0.75,0.42,0.92,0.66,0.75,0.55,0.75,0.33,0.92,0.69,0.75,0.45,0.75,0.33,0.92,0.73,0.75,0.59,0.75,0.33,0.92,0.72,0.75,0.55,0.75,0.33,0.92,0.71,0.75,0.86,0.75,0.33,0.92,0.72,0.75,0.86,0.75,0.33,0.92,0.78,0.75,0.86,0.75,0.33,0.92,0.79,0.75,0.86,0.75,0.33,0.92,0.80,0.75,0.86,0.75,0.33,0.88,0.82,0.75,0.82,0.75,0.42,0.88,0.81,0.75,0.91,0.50,0.42,0.88,0.82,0.75,0.91,0.50,0.42,0.92,0.84,0.75,0.82,0.50,0.83,0.92,0.89,0.75,0.82,0.67,0.83,0.92,0.86,0.75,0.45,1.00,0.83
Guatemala,0.63,0.63,0.50,0.77,0.42,0.33,0.63,0.65,0.50,0.77,0.50,0.33,0.63,0.58,0.50,0.77,0.42,0.33,0.63,0.60,0.50,0.77,0.42,0.33,0.63,0.65,0.50,0.77,0.33,0.33,0.63,0.65,0.50,0.77,0.25,0.33,0.58,0.63,0.50,0.77,0.25,0.33,0.58,0.61,0.50,0.77,0.25,0.33,0.58,0.65,0.50,0.77,0.17,0.33,0.67,0.66,0.50,0.77,0.25,0.25,0.83,0.65,0.50,0.82,0.25,0.25,0.83,0.64,0.50,0.82,0.42,0.25,0.83,0.67,0.50,0.82,0.25,0.25,0.46,0.65,0.50,0.91,0.25,0.25,0.50,0.68,0.50,0.91,0.25,0.25,0.50,0.74,0.50,0.64,0.33,0.67,0.50,0.80,0.50,0.64,0.33,0.67,0.67,0.83,0.25,0.55,0.50,0.67
Guinea,0.25,0.56,0.50,0.55,0.42,0.25,0.21,0.57,0.50,0.55,0.42,0.25,0.21,0.52,0.50,0.36,0.42,0.25,0.21,0.50,0.50,0.36,0.42,0.25,0.21,0.52,0.50,0.36,0.42,0.25,0.25,0.56,0.50,0.36,0.42,0.25,0.21,0.54,0.50,0.27,0.42,0.25,0.17,0.52,0.50,0.27,0.42,0.33,0.21,0.53,0.50,0.27,0.42,0.33,0.21,0.50,0.50,0.32,0.42,0.33,0.21,0.55,0.50,0.36,0.42,0.42,0.29,0.56,0.50,0.36,0.42,0.42,0.29,0.61,0.50,0.41,0.42,0.42,0.29,0.62,0.50,0.41,0.42,0.50,0.33,0.57,0.50,0.50,0.42,0.50,0.33,0.49,0.50,0.64,0.50,0.50,0.33,0.63,0.50,0.64,0.50,0.50,0.25,0.53,0.25,0.45,0.50,0.67
Guinea-Bissau,0.50,0.58,0.38,0.41,0.42,0.17,0.50,0.57,0.38,0.41,0.42,0.17,0.46,0.63,0.38,0.41,0.42,0.17,0.42,0.57,0.38,0.41,0.42,0.25,0.38,0.57,0.38,0.41,0.42,0.25,0.46,0.58,0.38,0.55,0.42,0.33,0.46,0.59,0.38,0.55,0.42,0.33,0.50,0.66,0.38,0.55,0.42,0.33,0.50,0.67,0.38,0.59,0.42,0.33,0.54,0.64,0.38,0.59,0.50,0.33,0.54,0.63,0.38,0.59,0.50,0.33,0.54,0.65,0.25,0.59,0.50,0.33,0.46,0.65,0.25,0.64,0.50,0.33,0.33,0.68,0.25,0.55,0.17,0.33,0.25,0.55,0.25,0.55,0.17,0.33,0.25,0.69,0.25,0.36,0.17,0.33,0.25,0.65,0.25,0.36,0.17,0.33,0.25,0.49,0.25,0.45,0.17,0.33
Guyana,0.75,0.62,0.75,0.59,0.25,0.42,0.75,0.61,0.75,0.50,0.25,0.25,0.75,0.56,0.75,0.50,0.25,0.25,0.75,0.58,0.75,0.50,0.25,0.25,0.75,0.57,0.75,0.50,0.25,0.25,0.75,0.61,0.75,0.50,0.25,0.33,0.75,0.61,0.75,0.50,0.25,0.33,0.75,0.61,0.75,0.50,0.25,0.33,0.75,0.61,0.75,0.50,0.25,0.33,0.75,0.61,0.75,0.50,0.33,0.33,0.75,0.61,0.75,0.50,0.33,0.42,0.75,0.65,0.75,0.50,0.42,0.50,0.75,0.64,0.75,0.50,0.42,0.50,0.92,0.65,0.75,0.55,0.33,0.50,0.92,0.63,0.75,0.59,0.25,0.50,0.92,0.65,0.75,0.64,0.67,0.50,0.92,0.72,0.75,0.73,0.67,0.50,0.83,0.72,0.50,0.45,0.67,0.50
Haiti,0.29,0.67,0.00,0.27,0.25,0.17,0.29,0.65,0.00,0.27,0.25,0.17,0.29,0.69,0.00,0.27,0.25,0.17,0.25,0.70,0.00,0.27,0.25,0.17,0.29,0.72,0.00,0.27,0.25,0.17,0.21,0.73,0.00,0.27,0.25,0.17,0.21,0.62,0.00,0.27,0.25,0.17,0.21,0.66,0.00,0.32,0.25,0.17,0.21,0.64,0.00,0.32,0.25,0.17,0.21,0.72,0.00,0.32,0.33,0.17,0.00,0.64,0.00,0.32,0.25,0.17,0.00,0.57,0.00,0.32,0.33,0.25,0.00,0.58,0.00,0.41,0.42,0.42,0.29,0.59,0.00,0.36,0.33,0.17,0.29,0.62,0.00,0.36,0.33,0.17,0.42,0.67,0.00,0.27,0.33,0.33,0.42,0.55,0.00,0.27,0.33,0.33,0.42,0.58,0.00,0.27,0.50,0.50
Honduras,0.58,0.75,0.50,0.59,0.25,0.42,0.58,0.78,0.50,0.59,0.25,0.42,0.63,0.77,0.50,0.55,0.25,0.33,0.67,0.75,0.50,0.55,0.25,0.25,0.63,0.78,0.50,0.50,0.25,0.25,0.63,0.79,0.50,0.50,0.33,0.33,0.63,0.77,0.50,0.50,0.25,0.33,0.58,0.78,0.50,0.50,0.25,0.33,0.63,0.74,0.50,0.50,0.25,0.33,0.67,0.77,0.50,0.50,0.25,0.33,0.67,0.78,0.50,0.55,0.25,0.33,0.67,0.73,0.50,0.59,0.25,0.33,0.58,0.78,0.50,0.59,0.25,0.33,0.58,0.80,0.50,0.64,0.25,0.42,0.58,0.79,0.50,0.64,0.25,0.42,0.58,0.82,0.50,0.64,0.33,0.33,0.50,0.84,0.50,0.64,0.33,0.33,0.50,0.64,0.25,0.36,0.50,0.33
"Hong Kong SAR, China",0.63,0.74,0.75,1.00,0.83,0.67,0.63,0.77,0.75,1.00,0.83,0.67,0.63,0.79,0.75,1.00,0.83,0.67,0.63,0.72,0.75,1.00,0.83,0.67,0.63,0.77,0.75,1.00,0.83,0.75,0.63,0.81,0.75,1.00,0.83,0.75,0.63,0.82,0.75,1.00,0.83,0.75,0.63,0.84,0.75,1.00,0.83,0.67,0.63,0.86,0.75,1.00,0.83,0.67,0.63,0.87,0.75,1.00,0.83,0.67,0.63,0.84,0.75,1.00,0.83,0.67,0.63,0.84,0.75,1.00,0.83,0.67,0.63,0.80,0.75,1.00,0.75,0.67,0.50,0.81,0.75,1.00,0.75,0.67,0.42,0.90,0.75,0.95,0.75,0.67,0.42,0.82,0.75,0.64,0.83,0.50,0.33,0.84,0.75,0.55,0.83,0.33,0.75,0.87,0.88,0.55,1.00,0.83
Hungary,0.96,0.75,0.75,0.77,0.67,0.50,0.96,0.75,0.75,0.86,0.67,0.50,0.96,0.76,0.75,0.68,0.67,0.50,0.96,0.75,0.75,0.59,0.67,0.50,0.96,0.71,0.75,0.59,0.67,0.50,0.96,0.75,0.75,0.59,0.67,0.50,0.96,0.78,0.75,0.68,0.67,0.50,1.00,0.68,0.75,0.82,0.67,0.50,1.00,0.69,0.75,0.91,0.67,0.50,1.00,0.71,0.75,0.91,0.67,0.50,1.00,0.73,0.75,0.95,0.67,0.50,1.00,0.76,0.75,0.95,0.67,0.50,1.00,0.77,0.75,1.00,0.67,0.50,1.00,0.83,1.00,1.00,0.67,0.50,1.00,0.83,1.00,1.00,0.67,0.50,1.00,0.74,1.00,0.73,0.67,0.67,1.00,0.94,1.00,0.82,1.00,0.83,0.92,0.89,0.88,0.55,1.00,0.83
Iceland,1.00,0.76,1.00,0.77,1.00,0.83,1.00,0.81,1.00,0.77,1.00,0.83,1.00,0.79,1.00,0.77,1.00,0.83,1.00,0.81,1.00,0.73,1.00,0.83,1.00,0.79,1.00,0.73,1.00,0.83,1.00,0.80,1.00,0.73,1.00,0.92,1.00,0.77,1.00,0.59,1.00,0.92,1.00,0.82,1.00,0.59,1.00,0.92,1.00,0.77,1.00,0.36,1.00,0.92,1.00,0.89,1.00,0.82,1.00,0.92,1.00,0.87,1.00,0.82,1.00,0.92,1.00,0.90,1.00,0.91,1.00,0.92,1.00,0.90,1.00,0.91,1.00,0.75,1.00,0.90,1.00,0.91,1.00,0.75,1.00,0.93,1.00,0.91,1.00,0.83,1.00,0.95,1.00,0.64,1.00,1.00,1.00,0.93,1.00,0.64,1.00,1.00,1.00,0.91,1.00,0.55,1.00,1.00
India,0.83,0.58,0.75,0.68,0.75,0.42,0.83,0.56,0.75,0.68,0.75,0.42,0.83,0.58,0.75,0.59,0.67,0.42,0.83,0.52,0.75,0.59,0.67,0.42,0.83,0.54,0.75,0.59,0.67,0.42,0.83,0.52,0.75,0.68,0.67,0.33,0.83,0.55,0.75,0.68,0.67,0.42,0.83,0.62,0.75,0.68,0.67,0.42,0.83,0.57,0.75,0.68,0.67,0.42,0.83,0.56,0.75,0.68,0.67,0.42,0.83,0.60,0.75,0.68,0.67,0.42,0.83,0.60,0.75,0.77,0.67,0.42,0.83,0.64,0.75,0.73,0.67,0.42,0.83,0.61,0.75,0.68,0.67,0.25,0.83,0.56,0.75,0.64,0.67,0.25,0.75,0.49,0.75,0.36,0.67,0.50,0.83,0.58,0.75,0.36,0.67,0.50,0.83,0.67,0.75,0.45,0.67,0.50
Indonesia,0.54,0.62,0.50,0.73,0.42,0.50,0.54,0.56,0.50,0.50,0.42,0.50,0.54,0.59,0.50,0.68,0.50,0.50,0.63,0.57,0.50,0.68,0.50,0.50,0.63,0.55,0.50,0.55,0.50,0.50,0.63,0.61,0.50,0.64,0.50,0.50,0.63,0.62,0.50,0.64,0.50,0.50,0.63,0.64,0.50,0.73,0.50,0.50,0.63,0.62,0.50,0.73,0.50,0.67,0.63,0.63,0.50,0.73,0.50,0.58,0.63,0.63,0.50,0.73,0.50,0.42,0.63,0.61,0.50,0.73,0.50,0.17,0.63,0.61,0.50,0.50,0.50,0.17,0.58,0.63,0.50,0.45,0.33,0.17,0.54,0.64,0.50,0.32,0.33,0.17,0.50,0.49,0.75,0.36,0.33,0.17,0.17,0.52,0.50,0.27,0.33,0.17,0.50,0.72,0.50,0.64,0.67,0.50
"Iran, Islamic Rep.",0.63,0.65,0.50,0.59,0.67,0.25,0.63,0.65,0.50,0.59,0.67,0.25,0.63,0.58,0.50,0.41,0.67,0.25,0.63,0.55,0.50,0.32,0.67,0.25,0.58,0.50,0.50,0.32,0.67,0.25,0.63,0.50,0.50,0.32,0.67,0.25,0.75,0.52,0.50,0.32,0.67,0.25,0.75,0.55,0.50,0.36,0.67,0.33,0.79,0.55,0.50,0.45,0.67,0.33,0.79,0.60,0.50,0.50,0.67,0.33,0.79,0.67,0.50,0.50,0.67,0.33,0.79,0.67,0.50,0.50,0.67,0.33,0.67,0.66,0.50,0.45,0.67,0.33,0.67,0.66,0.50,0.45,0.67,0.33,0.67,0.66,0.50,0.45,0.67,0.33,0.67,0.71,0.50,0.36,0.83,0.67,0.75,0.78,0.50,0.36,0.83,0.67,0.67,0.86,0.75,0.45,0.83,0.67
Iraq,0.33,0.49,0.38,0.59,0.25,0.17,0.33,0.50,0.38,0.50,0.25,0.17,0.33,0.50,0.38,0.50,0.25,0.17,0.33,0.49,0.38,0.59,0.25,0.17,0.38,0.49,0.38,0.59,0.25,0.17,0.38,0.55,0.38,0.68,0.25,0.25,0.38,0.54,0.38,0.64,0.25,0.25,0.33,0.52,0.38,0.59,0.25,0.25,0.33,0.46,0.38,0.59,0.25,0.17,0.33,0.35,0.00,0.59,0.25,0.17,0.33,0.40,0.00,0.59,0.25,0.17,0.33,0.41,0.00,0.59,0.25,0.17,0.04,0.41,0.00,0.55,0.25,0.17,0.04,0.49,0.00,0.64,0.25,0.67,0.00,0.41,0.00,0.18,0.33,0.17,0.00,0.47,0.00,0.27,0.33,0.17,0.00,0.54,0.00,0.27,0.33,0.17,0.08,0.38,0.25,0.36,0.33,0.17
Ireland,1.00,0.79,1.00,1.00,1.00,0.75,1.00,0.80,1.00,1.00,1.00,0.75,1.00,0.79,1.00,0.86,1.00,0.75,1.00,0.76,1.00,0.68,1.00,0.67,1.00,0.74,1.00,0.59,1.00,0.67,1.00,0.77,1.00,0.59,1.00,0.58,1.00,0.72,1.00,0.77,1.00,0.58,1.00,0.76,1.00,0.86,1.00,0.58,1.00,0.89,1.00,0.95,1.00,0.58,1.00,0.89,1.00,1.00,1.00,0.58,1.00,0.87,1.00,1.00,1.00,0.58,1.00,0.87,1.00,1.00,1.00,0.67,1.00,0.87,1.00,1.00,1.00,0.42,1.00,0.91,1.00,1.00,1.00,0.58,1.00,0.93,1.00,1.00,1.00,0.58,1.00,0.93,1.00,0.55,1.00,0.33,1.00,0.98,1.00,0.82,1.00,0.50,1.00,0.95,1.00,0.73,1.00,0.83
Israel,0.71,0.56,1.00,0.82,0.83,0.58,0.71,0.54,1.00,0.82,0.83,0.58,0.71,0.50,1.00,0.82,0.83,0.58,0.71,0.53,1.00,0.82,0.83,0.58,0.71,0.54,1.00,0.82,0.83,0.58,0.71,0.53,1.00,0.82,0.83,0.58,0.71,0.49,1.00,0.82,0.83,0.58,0.71,0.49,1.00,0.82,0.83,0.50,0.71,0.46,1.00,0.82,0.83,0.50,0.71,0.49,1.00,0.82,0.83,0.50,0.71,0.48,1.00,0.82,0.83,0.50,0.71,0.52,1.00,0.82,0.83,0.50,0.71,0.47,1.00,0.82,0.83,0.50,0.71,0.57,1.00,0.82,0.83,0.67,0.71,0.46,1.00,0.73,0.83,0.50,0.83,0.38,1.00,0.55,0.83,0.50,0.83,0.41,1.00,0.73,0.83,0.50,0.75,0.43,0.88,0.45,0.83,0.83
Italy,0.96,0.72,0.63,0.77,0.67,0.42,0.96,0.76,0.63,0.82,0.67,0.42,0.96,0.73,0.63,0.73,0.67,0.42,0.96,0.71,0.63,0.59,0.67,0.42,0.96,0.73,0.63,0.59,0.67,0.42,0.96,0.72,0.63,0.59,0.67,0.42,0.96,0.71,0.63,0.91,0.67,0.42,0.96,0.78,0.63,0.95,0.67,0.42,0.96,0.80,0.63,0.95,0.67,0.42,0.96,0.77,0.63,0.95,0.67,0.42,0.96,0.72,0.63,1.00,0.67,0.42,0.96,0.72,0.63,1.00,0.67,0.42,0.96,0.73,0.63,1.00,0.67,0.33,0.83,0.80,0.63,1.00,0.50,0.42,0.83,0.88,0.63,1.00,0.58,0.42,0.83,0.84,0.75,0.73,1.00,0.50,0.92,0.86,0.75,0.73,1.00,0.50,1.00,0.95,0.88,0.55,1.00,0.67
Jamaica,0.83,0.82,0.75,0.73,0.33,0.42,0.83,0.80,0.75,0.73,0.42,0.42,0.83,0.79,0.75,0.73,0.42,0.33,0.83,0.79,0.75,0.55,0.42,0.33,0.83,0.80,0.75,0.50,0.33,0.33,0.83,0.77,0.75,0.77,0.33,0.33,0.83,0.79,0.75,0.77,0.33,0.33,0.83,0.80,0.75,0.77,0.33,0.25,0.83,0.80,0.75,0.77,0.33,0.25,0.83,0.83,0.75,0.77,0.42,0.25,0.83,0.79,0.75,0.77,0.33,0.25,0.83,0.83,0.75,0.77,0.42,0.25,0.83,0.80,0.75,0.73,0.42,0.25,0.83,0.80,0.75,0.77,0.17,0.25,0.92,0.81,0.75,0.77,0.17,0.25,0.92,0.82,0.75,0.73,0.33,0.33,0.92,0.87,0.75,0.73,0.50,0.50,0.83,0.84,0.75,0.45,0.50,0.50
Japan,0.83,0.81,1.00,0.95,0.83,0.75,0.83,0.80,1.00,0.95,0.83,0.75,0.83,0.75,1.00,0.95,0.83,0.75,0.83,0.77,1.00,0.95,0.83,0.75,0.83,0.72,1.00,0.91,0.83,0.75,0.83,0.76,1.00,0.95,0.83,0.75,0.83,0.71,1.00,0.95,0.83,0.75,0.83,0.82,1.00,0.95,0.83,0.50,0.83,0.73,1.00,0.95,0.83,0.50,0.83,0.76,1.00,0.95,0.83,0.50,0.83,0.81,1.00,0.95,0.83,0.58,0.83,0.83,1.00,0.95,0.83,0.58,0.83,0.83,1.00,0.95,0.83,0.58,0.92,0.88,1.00,0.95,0.83,0.58,0.92,0.91,1.00,1.00,0.83,0.58,0.92,0.89,1.00,0.64,0.83,0.50,0.92,0.91,1.00,0.45,1.00,0.33,1.00,0.89,0.88,0.55,1.00,0.83
Jordan,0.63,0.61,0.50,0.64,0.67,0.50,0.63,0.62,0.50,0.73,0.67,0.50,0.63,0.62,0.50,0.73,0.67,0.50,0.63,0.69,0.50,0.73,0.67,0.42,0.63,0.66,0.50,0.68,0.67,0.42,0.63,0.67,0.50,0.82,0.67,0.50,0.67,0.76,0.50,0.82,0.67,0.50,0.67,0.80,0.50,0.82,0.67,0.50,0.67,0.82,0.50,0.82,0.67,0.50,0.67,0.85,0.50,0.82,0.67,0.50,0.79,0.86,0.50,0.82,0.67,0.50,0.79,0.83,0.50,0.82,0.67,0.50,0.79,0.83,0.50,0.77,0.67,0.50,0.79,0.80,0.50,0.77,0.67,0.50,0.75,0.79,0.50,0.77,0.67,0.50,0.75,0.78,0.50,0.82,0.67,0.50,0.75,0.84,0.50,0.82,0.67,0.67,0.75,0.84,0.75,0.55,0.67,0.67
Kazakhstan,0.54,0.71,0.50,0.50,0.58,0.25,0.54,0.72,0.50,0.50,0.58,0.25,0.54,0.77,0.50,0.64,0.58,0.25,0.54,0.79,0.50,0.59,0.58,0.25,0.54,0.81,0.50,0.59,0.58,0.25,0.54,0.81,0.50,0.59,0.58,0.25,0.58,0.87,0.50,0.59,0.67,0.25,0.58,0.88,0.50,0.64,0.67,0.25,0.58,0.88,0.50,0.82,0.67,0.25,0.58,0.88,0.50,0.68,0.67,0.25,0.58,0.88,0.50,0.68,0.67,0.25,0.58,0.88,0.50,0.68,0.67,0.25,0.50,0.88,0.50,0.59,0.67,0.25,0.50,0.89,0.50,0.59,0.67,0.25,0.50,0.88,0.50,0.59,0.67,0.25,0.50,0.87,0.50,0.91,0.67,0.33,0.75,0.87,0.50,0.73,0.67,0.50,#N/A,#N/A,#N/A,#N/A,#N/A,#N/A
Kenya,0.75,0.63,0.50,0.64,0.33,0.33,0.75,0.59,0.50,0.64,0.33,0.25,0.75,0.62,0.50,0.59,0.33,0.25,0.75,0.59,0.50,0.59,0.33,0.25,0.79,0.55,0.50,0.55,0.33,0.25,0.79,0.56,0.50,0.55,0.33,0.33,0.79,0.59,0.50,0.77,0.33,0.33,0.75,0.56,0.50,0.77,0.33,0.08,0.75,0.64,0.50,0.77,0.33,0.08,0.79,0.58,0.50,0.77,0.33,0.08,0.79,0.58,0.50,0.77,0.42,0.08,0.79,0.58,0.50,0.77,0.42,0.08,0.71,0.65,0.50,0.77,0.33,0.25,0.71,0.68,0.50,0.77,0.33,0.58,0.50,0.51,0.50,0.73,0.25,0.33,0.50,0.63,0.50,0.55,0.33,0.33,0.50,0.69,0.50,0.55,0.33,0.33,0.75,0.80,0.75,0.36,0.67,0.50
"Korea, Dem. Rep.",0.08,0.73,0.00,0.32,0.75,0.17,0.08,0.73,0.00,0.32,0.75,0.17,0.08,0.73,0.00,0.32,0.75,0.17,0.08,0.72,0.00,0.27,0.83,0.17,0.08,0.69,0.00,0.27,0.83,0.17,0.08,0.69,0.00,0.27,0.83,0.17,0.08,0.69,0.00,0.27,0.83,0.17,0.08,0.72,0.00,0.27,0.83,0.17,0.08,0.77,0.00,0.45,0.83,0.17,0.08,0.78,0.00,0.45,0.83,0.17,0.08,0.77,0.00,0.45,0.83,0.17,0.08,0.78,0.00,0.41,0.83,0.17,0.08,0.77,0.00,0.41,0.83,0.17,0.08,0.74,0.00,0.41,0.83,0.17,0.13,0.78,0.00,0.41,0.83,0.17,0.08,0.89,0.00,0.55,0.83,0.33,0.08,0.80,0.00,0.55,0.83,0.33,0.25,0.75,0.25,0.27,0.83,0.33
"Korea, Rep.",0.79,0.73,0.75,0.82,0.83,0.50,0.79,0.74,0.75,0.82,0.83,0.50,0.79,0.75,0.75,0.82,0.83,0.50,0.79,0.78,0.75,0.82,0.83,0.50,0.79,0.75,0.75,0.82,0.83,0.50,0.79,0.72,0.75,0.82,0.83,0.50,0.83,0.77,0.75,0.82,0.83,0.50,0.83,0.77,0.75,0.82,0.83,0.50,0.83,0.76,0.75,0.82,0.83,0.50,0.83,0.76,0.75,0.82,0.83,0.42,0.83,0.68,0.75,0.82,0.83,0.42,0.83,0.74,0.75,0.82,0.83,0.42,0.83,0.77,0.75,0.86,0.83,0.42,0.92,0.75,0.75,0.77,0.83,0.50,0.92,0.76,0.75,0.73,0.67,0.33,0.92,0.84,0.75,0.64,0.67,0.50,0.92,0.84,0.75,0.45,0.67,0.67,0.92,0.89,0.88,0.45,0.83,0.83
Kuwait,0.67,0.65,0.50,0.73,0.67,0.50,0.67,0.66,0.50,0.73,0.67,0.50,0.67,0.70,0.50,0.73,0.67,0.50,0.67,0.69,0.50,0.68,0.83,0.42,0.67,0.67,0.50,0.68,0.83,0.42,0.67,0.66,0.50,0.77,0.83,0.50,0.67,0.74,0.50,0.86,0.83,0.50,0.67,0.73,0.50,0.86,0.83,0.50,0.67,0.81,0.50,0.95,0.83,0.50,0.67,0.82,0.50,0.95,0.83,0.50,0.67,0.82,0.50,0.95,0.83,0.50,0.67,0.82,0.50,0.95,0.83,0.42,0.67,0.86,0.50,0.95,0.83,0.33,0.67,0.87,0.50,0.91,0.83,0.33,0.67,0.72,0.50,0.91,0.83,0.33,0.67,0.84,0.50,0.36,0.83,0.33,0.67,0.84,0.50,0.27,0.83,0.50,0.75,0.84,0.50,0.64,1.00,0.50
Latvia,0.83,0.67,0.63,0.82,0.83,0.50,0.83,0.68,0.63,0.82,0.83,0.50,0.83,0.68,0.63,0.82,0.83,0.50,0.83,0.64,0.63,0.73,0.83,0.42,0.83,0.64,0.63,0.73,0.83,0.42,0.83,0.65,0.63,0.68,0.83,0.33,0.83,0.72,0.63,0.77,0.83,0.33,0.83,0.68,0.63,0.77,0.83,0.33,0.83,0.72,0.63,0.82,0.83,0.33,0.83,0.67,0.63,0.91,0.83,0.33,0.83,0.76,0.63,0.91,0.83,0.33,0.83,0.80,0.63,0.91,0.83,0.33,0.83,0.73,0.63,0.91,0.83,0.33,0.83,0.85,0.63,0.91,0.83,0.33,0.83,0.81,0.63,0.91,0.83,0.33,0.83,0.72,0.50,0.55,0.83,0.50,0.83,0.67,0.50,0.55,0.67,0.50,#N/A,#N/A,#N/A,#N/A,#N/A,#N/A
Lebanon,0.54,0.56,0.50,0.68,0.67,0.33,0.58,0.57,0.50,0.64,0.67,0.33,0.58,0.55,0.50,0.55,0.67,0.25,0.58,0.56,0.50,0.55,0.67,0.25,0.58,0.57,0.50,0.55,0.67,0.25,0.58,0.58,0.50,0.59,0.67,0.33,0.58,0.64,0.50,0.68,0.67,0.33,0.58,0.64,0.50,0.68,0.67,0.17,0.58,0.63,0.50,0.68,0.67,0.17,0.58,0.63,0.50,0.68,0.67,0.17,0.58,0.59,0.50,0.68,0.67,0.17,0.58,0.67,0.50,0.68,0.67,0.17,0.58,0.69,0.50,0.77,0.67,0.17,0.58,0.67,0.50,0.73,0.67,0.17,0.58,0.67,0.50,0.73,0.67,0.17,0.67,0.78,0.50,0.55,0.67,0.17,0.67,0.66,0.50,0.45,0.67,0.17,0.58,0.71,0.25,0.55,0.67,0.17
Liberia,0.67,0.61,0.00,0.45,0.33,0.42,0.67,0.60,0.00,0.45,0.33,0.42,0.67,0.61,0.00,0.45,0.33,0.42,0.67,0.63,0.00,0.45,0.33,0.42,0.67,0.61,0.00,0.45,0.42,0.42,0.67,0.63,0.00,0.45,0.42,0.42,0.71,0.68,0.00,0.45,0.42,0.42,0.71,0.69,0.00,0.45,0.42,0.50,0.71,0.68,0.00,0.41,0.42,0.42,0.71,0.66,0.00,0.36,0.42,0.42,0.71,0.66,0.00,0.36,0.42,0.42,0.71,0.64,0.00,0.36,0.33,0.33,0.33,0.61,0.00,0.36,0.33,0.42,0.17,0.55,0.00,0.36,0.33,0.33,0.33,0.56,0.00,0.32,0.33,0.33,0.33,0.60,0.00,0.18,0.33,0.83,0.50,0.67,0.00,0.18,0.33,0.17,0.33,0.44,0.00,0.09,0.17,0.17
Libya,0.42,0.62,0.38,0.45,0.67,0.17,0.42,0.63,0.38,0.50,0.67,0.17,0.42,0.61,0.38,0.50,0.67,0.17,0.42,0.61,0.38,0.45,0.67,0.17,0.42,0.67,0.25,0.59,0.67,0.17,0.46,0.75,0.25,0.59,0.67,0.33,0.33,0.88,0.25,0.73,0.67,0.25,0.33,0.88,0.25,0.73,0.67,0.25,0.33,0.89,0.25,0.82,0.67,0.25,0.33,0.88,0.25,0.82,0.67,0.25,0.33,0.88,0.25,0.82,0.67,0.25,0.33,0.87,0.25,0.77,0.67,0.25,0.33,0.83,0.25,0.77,0.67,0.33,0.33,0.74,0.25,0.73,0.67,0.33,0.33,0.74,0.25,0.68,0.67,0.33,0.33,0.63,0.25,0.73,0.67,0.67,0.33,0.62,0.25,0.36,0.67,0.67,0.42,0.67,0.50,0.45,0.67,0.67
Lithuania,0.88,0.73,0.63,0.73,0.67,0.58,0.88,0.76,0.63,0.73,0.67,0.58,0.88,0.77,0.63,0.73,0.67,0.58,0.88,0.76,0.63,0.73,0.67,0.42,0.88,0.75,0.63,0.73,0.67,0.42,0.88,0.71,0.63,0.73,0.67,0.33,0.88,0.72,0.63,0.77,0.67,0.33,0.88,0.76,0.63,0.91,0.67,0.33,0.88,0.78,0.63,0.91,0.67,0.33,0.88,0.75,0.63,0.91,0.67,0.33,0.88,0.75,0.63,0.91,0.67,0.33,0.88,0.78,0.63,0.91,0.67,0.42,0.88,0.76,0.63,0.91,0.67,0.42,0.88,0.75,0.63,0.91,0.67,0.42,0.83,0.72,0.63,0.91,0.67,0.42,0.83,0.72,0.50,0.55,0.67,0.50,0.83,0.67,0.50,0.55,0.67,0.50,#N/A,#N/A,#N/A,#N/A,#N/A,#N/A
Luxembourg,1.00,0.79,1.00,0.91,1.00,0.83,1.00,0.81,1.00,0.91,1.00,0.83,1.00,0.83,1.00,0.91,1.00,0.83,1.00,0.80,1.00,0.91,1.00,0.83,1.00,0.84,1.00,0.91,1.00,0.83,1.00,0.88,1.00,0.91,1.00,0.83,1.00,0.88,1.00,0.91,1.00,0.83,1.00,0.88,1.00,0.91,1.00,0.83,1.00,0.90,1.00,0.91,1.00,0.83,1.00,0.90,1.00,1.00,1.00,0.83,1.00,0.90,1.00,1.00,1.00,0.83,1.00,0.90,1.00,1.00,1.00,0.83,1.00,0.90,1.00,1.00,1.00,0.83,0.92,0.92,1.00,1.00,1.00,0.83,0.92,0.92,1.00,1.00,1.00,0.83,0.92,0.94,1.00,0.82,1.00,0.83,1.00,0.94,1.00,0.73,1.00,0.83,1.00,0.94,1.00,0.82,1.00,1.00
Madagascar,0.42,0.70,0.38,0.59,0.42,0.33,0.42,0.62,0.25,0.55,0.42,0.33,0.42,0.66,0.25,0.55,0.42,0.33,0.42,0.58,0.25,0.50,0.42,0.33,0.42,0.63,0.25,0.55,0.42,0.33,0.46,0.66,0.25,0.50,0.42,0.50,0.46,0.62,0.25,0.50,0.42,0.50,0.46,0.64,0.25,0.50,0.42,0.67,0.50,0.72,0.25,0.59,0.42,0.67,0.50,0.72,0.25,0.59,0.42,0.67,0.50,0.70,0.25,0.64,0.42,0.67,0.50,0.70,0.25,0.64,0.42,0.67,0.50,0.67,0.25,0.64,0.42,0.67,0.50,0.65,0.25,0.64,0.42,0.67,0.50,0.63,0.25,0.64,0.42,0.50,0.67,0.70,0.25,0.55,0.50,0.67,0.67,0.74,0.25,0.55,0.50,0.67,0.50,0.76,0.25,0.27,0.50,0.67
Malawi,0.58,0.59,0.63,0.45,0.42,0.33,0.58,0.59,0.63,0.45,0.42,0.33,0.58,0.61,0.63,0.45,0.42,0.33,0.63,0.61,0.63,0.45,0.42,0.33,0.63,0.67,0.63,0.45,0.42,0.33,0.63,0.67,0.63,0.45,0.50,0.33,0.63,0.70,0.63,0.59,0.50,0.33,0.63,0.71,0.63,0.59,0.50,0.25,0.63,0.65,0.63,0.68,0.50,0.25,0.67,0.62,0.50,0.68,0.50,0.25,0.67,0.63,0.50,0.68,0.50,0.33,0.67,0.65,0.50,0.64,0.50,0.33,0.67,0.70,0.50,0.64,0.50,0.33,0.67,0.65,0.50,0.64,0.50,0.33,0.67,0.61,0.50,0.64,0.50,0.33,0.67,0.73,0.50,0.82,0.67,0.50,0.67,0.89,0.50,0.82,0.67,0.50,0.58,0.78,0.25,0.36,0.67,0.50
Malaysia,0.75,0.66,0.75,0.64,0.67,0.42,0.75,0.70,0.75,0.64,0.67,0.42,0.75,0.73,0.75,0.77,0.67,0.42,0.75,0.71,0.75,0.77,0.67,0.42,0.75,0.67,0.75,0.77,0.67,0.42,0.75,0.69,0.75,0.77,0.67,0.42,0.79,0.71,0.75,0.77,0.67,0.42,0.79,0.71,0.75,0.77,0.67,0.42,0.79,0.70,0.75,0.77,0.67,0.42,0.79,0.76,0.75,0.77,0.67,0.42,0.79,0.78,0.75,0.73,0.67,0.42,0.79,0.80,0.75,0.73,0.67,0.33,0.79,0.81,0.75,0.73,0.67,0.42,0.58,0.80,0.75,0.73,0.50,0.42,0.58,0.83,0.75,0.68,0.50,0.42,0.58,0.78,0.75,0.64,0.50,0.50,0.67,0.73,0.75,0.45,0.67,0.50,0.67,0.89,0.75,0.55,0.83,0.67
Mali,0.46,0.59,0.00,0.55,0.50,0.33,0.46,0.61,0.00,0.55,0.50,0.33,0.46,0.59,0.00,0.55,0.50,0.33,0.46,0.64,0.00,0.55,0.50,0.25,0.46,0.59,0.00,0.55,0.50,0.25,0.54,0.70,0.00,0.55,0.50,0.33,0.54,0.72,0.00,0.55,0.50,0.33,0.54,0.73,0.00,0.55,0.50,0.33,0.54,0.72,0.00,0.55,0.50,0.33,0.54,0.71,0.00,0.64,0.50,0.33,0.54,0.70,0.00,0.59,0.50,0.33,0.54,0.73,0.00,0.59,0.50,0.33,0.54,0.73,0.00,0.59,0.50,0.33,0.54,0.76,0.00,0.59,0.50,0.50,0.54,0.75,0.00,0.59,0.50,0.50,0.67,0.78,0.00,0.64,0.50,0.33,0.58,0.84,0.00,0.64,0.50,0.33,0.58,0.71,0.00,0.36,0.50,0.50
Malta,1.00,0.82,0.75,0.86,0.83,0.58,1.00,0.80,0.75,0.86,0.83,0.58,1.00,0.80,0.75,0.73,0.83,0.58,1.00,0.81,0.75,0.73,0.83,0.58,1.00,0.80,0.75,0.73,0.83,0.58,1.00,0.83,0.75,0.77,0.83,0.58,1.00,0.88,0.75,0.95,0.83,0.58,1.00,0.88,0.75,0.95,0.83,0.58,1.00,0.88,0.75,0.95,0.83,0.58,1.00,0.86,0.75,0.95,0.83,0.58,1.00,0.84,0.75,0.95,0.83,0.58,1.00,0.86,0.75,0.95,0.83,0.58,1.00,0.92,0.75,0.95,0.83,0.50,1.00,0.93,0.75,0.95,0.83,0.50,1.00,0.94,0.75,0.95,0.83,0.50,1.00,0.95,0.75,0.73,0.83,0.67,1.00,0.95,0.75,0.82,1.00,0.67,1.00,0.91,0.88,0.55,1.00,0.67
Mexico,0.58,0.61,0.63,0.55,0.25,0.25,0.58,0.65,0.63,0.59,0.25,0.25,0.63,0.63,0.63,0.68,0.25,0.25,0.79,0.65,0.75,0.82,0.33,0.33,0.79,0.68,0.75,0.77,0.25,0.33,0.83,0.66,0.75,0.77,0.33,0.33,0.88,0.64,0.75,0.77,0.33,0.42,0.88,0.67,0.75,0.77,0.33,0.42,0.88,0.70,0.75,0.77,0.42,0.33,0.88,0.72,0.75,0.86,0.50,0.33,0.88,0.72,0.75,0.86,0.50,0.33,0.88,0.67,0.75,0.86,0.50,0.33,0.88,0.68,0.75,0.95,0.50,0.33,0.75,0.63,0.75,0.95,0.33,0.33,0.75,0.65,0.75,0.95,0.33,0.33,0.75,0.82,0.75,0.73,0.33,0.67,0.75,0.75,0.75,0.73,0.33,0.50,0.83,0.75,0.50,0.55,0.50,0.33
Moldova,0.67,0.59,0.25,0.45,0.67,0.33,0.67,0.58,0.25,0.45,0.67,0.33,0.67,0.57,0.25,0.55,0.67,0.33,0.67,0.61,0.25,0.50,0.67,0.33,0.67,0.59,0.25,0.50,0.75,0.33,0.67,0.58,0.25,0.50,0.75,0.33,0.67,0.56,0.25,0.50,0.75,0.33,0.67,0.56,0.25,0.50,0.75,0.25,0.67,0.65,0.25,0.50,0.83,0.25,0.67,0.65,0.25,0.50,0.83,0.25,0.75,0.64,0.25,0.50,0.83,0.25,0.75,0.65,0.25,0.50,0.83,0.25,0.75,0.71,0.25,0.50,0.83,0.25,0.75,0.79,0.50,0.50,0.83,0.25,0.75,0.78,0.50,0.50,0.83,0.25,0.58,0.67,0.50,0.18,0.83,0.33,0.75,0.91,0.50,0.36,0.83,0.33,#N/A,#N/A,#N/A,#N/A,#N/A,#N/A
Mongolia,0.75,0.82,0.50,0.50,0.67,0.33,0.75,0.79,0.50,0.50,0.67,0.33,0.75,0.78,0.50,0.45,0.67,0.33,0.75,0.82,0.50,0.45,0.67,0.33,0.75,0.78,0.50,0.50,0.67,0.33,0.75,0.80,0.50,0.50,0.67,0.33,0.75,0.84,0.50,0.50,0.67,0.33,0.75,0.84,0.50,0.55,0.67,0.33,0.75,0.82,0.50,0.55,0.67,0.33,0.75,0.83,0.50,0.64,0.67,0.33,0.75,0.82,0.50,0.64,0.67,0.33,0.75,0.81,0.50,0.64,0.67,0.33,0.75,0.81,0.50,0.64,0.67,0.33,0.75,0.90,0.50,0.64,0.67,0.33,0.75,0.91,0.50,0.64,0.67,0.33,0.75,0.91,0.50,0.55,0.67,0.50,0.92,0.80,0.50,0.55,0.67,0.67,0.83,0.89,0.50,0.45,0.67,0.67
Morocco,0.71,0.66,0.50,0.64,0.67,0.50,0.71,0.68,0.50,0.64,0.75,0.42,0.71,0.64,0.50,0.64,0.75,0.42,0.71,0.64,0.50,0.73,0.75,0.33,0.71,0.68,0.50,0.73,0.75,0.33,0.75,0.70,0.50,0.73,0.83,0.50,0.71,0.70,0.50,0.73,0.83,0.50,0.71,0.70,0.50,0.77,0.83,0.50,0.71,0.72,0.50,0.77,0.83,0.50,0.71,0.72,0.50,0.77,0.83,0.50,0.75,0.80,0.50,0.77,0.83,0.50,0.75,0.81,0.50,0.73,0.83,0.42,0.75,0.83,0.50,0.73,0.83,0.50,0.75,0.84,0.50,0.73,0.83,0.50,0.75,0.79,0.50,0.73,1.00,0.50,0.58,0.78,0.50,0.73,1.00,0.50,0.58,0.84,0.50,0.73,1.00,0.50,0.50,0.84,0.50,0.36,1.00,0.50
Mozambique,0.67,0.68,0.25,0.45,0.50,0.33,0.67,0.70,0.25,0.55,0.50,0.33,0.67,0.77,0.25,0.68,0.50,0.33,0.67,0.72,0.25,0.64,0.50,0.33,0.67,0.81,0.25,0.64,0.50,0.33,0.67,0.81,0.25,0.64,0.50,0.33,0.67,0.83,0.25,0.68,0.50,0.33,0.71,0.86,0.25,0.73,0.50,0.33,0.71,0.84,0.25,0.73,0.50,0.33,0.71,0.84,0.25,0.73,0.50,0.33,0.71,0.84,0.25,0.73,0.50,0.25,0.71,0.84,0.25,0.68,0.50,0.25,0.50,0.76,0.25,0.68,0.50,0.25,0.42,0.80,0.25,0.68,0.50,0.25,0.42,0.80,0.25,0.68,0.50,0.25,0.42,0.78,0.00,0.64,0.50,0.33,0.42,0.78,0.00,0.45,0.50,0.67,0.42,0.69,0.50,0.18,0.50,0.67
Myanmar,0.46,0.60,0.25,0.64,0.50,0.33,0.33,0.61,0.25,0.55,0.50,0.25,0.33,0.62,0.25,0.41,0.50,0.25,0.33,0.63,0.25,0.45,0.50,0.25,0.33,0.66,0.25,0.45,0.50,0.25,0.25,0.60,0.25,0.18,0.50,0.25,0.08,0.61,0.25,0.14,0.50,0.25,0.08,0.63,0.25,0.14,0.50,0.25,0.08,0.63,0.25,0.14,0.50,0.25,0.08,0.64,0.25,0.14,0.50,0.25,0.08,0.64,0.25,0.14,0.50,0.17,0.00,0.65,0.25,0.14,0.50,0.17,0.00,0.65,0.25,0.14,0.50,0.17,0.04,0.64,0.25,0.23,0.50,0.17,0.13,0.65,0.25,0.27,0.50,0.17,0.00,0.60,0.25,0.27,0.50,0.17,0.00,0.65,0.25,0.27,0.50,0.17,0.08,0.72,0.25,0.36,0.50,0.17
Namibia,0.83,0.81,0.50,0.59,0.83,0.50,0.83,0.84,0.50,0.55,0.83,0.50,0.83,0.84,0.50,0.55,0.83,0.50,0.83,0.84,0.50,0.55,0.83,0.50,0.83,0.85,0.50,0.55,0.83,0.50,0.83,0.85,0.50,0.55,0.83,0.50,0.83,0.86,0.50,0.82,0.83,0.50,0.83,0.87,0.50,0.82,0.83,0.42,0.83,0.87,0.50,0.82,0.83,0.42,0.83,0.87,0.50,0.82,0.83,0.25,0.83,0.86,0.50,0.82,0.83,0.25,0.83,0.85,0.50,0.82,0.83,0.25,0.83,0.86,0.50,0.82,0.83,0.25,0.83,0.80,0.50,0.82,1.00,0.25,0.83,0.79,0.50,0.82,1.00,0.25,0.83,0.80,0.50,0.73,1.00,0.50,0.83,0.87,0.50,0.73,1.00,0.50,0.92,0.89,0.88,0.45,1.00,0.67
Netherlands,1.00,0.78,1.00,0.91,1.00,0.83,1.00,0.78,1.00,0.91,1.00,0.83,1.00,0.79,1.00,0.86,1.00,0.83,1.00,0.77,1.00,0.82,1.00,0.83,1.00,0.81,1.00,0.73,1.00,0.83,1.00,0.78,1.00,0.86,1.00,0.83,1.00,0.79,1.00,0.91,1.00,0.83,1.00,0.80,1.00,0.91,1.00,0.83,1.00,0.81,1.00,0.91,1.00,0.83,1.00,0.78,1.00,1.00,1.00,0.83,1.00,0.73,1.00,1.00,1.00,0.83,1.00,0.80,1.00,1.00,1.00,0.83,1.00,0.81,1.00,1.00,1.00,0.83,1.00,0.84,1.00,1.00,1.00,0.83,1.00,0.79,1.00,1.00,1.00,0.83,1.00,0.98,1.00,1.00,1.00,1.00,1.00,0.98,1.00,0.82,1.00,1.00,1.00,0.93,1.00,0.64,1.00,1.00
New Zealand,1.00,0.71,1.00,1.00,0.92,0.92,1.00,0.76,1.00,1.00,0.92,0.92,1.00,0.76,1.00,1.00,0.92,0.92,1.00,0.76,1.00,1.00,0.92,0.92,1.00,0.76,1.00,1.00,0.92,0.92,1.00,0.77,1.00,1.00,0.92,0.92,1.00,0.77,1.00,1.00,0.92,0.92,1.00,0.77,1.00,1.00,0.92,0.92,1.00,0.76,1.00,1.00,0.92,0.92,1.00,0.71,1.00,1.00,0.92,0.92,1.00,0.73,1.00,1.00,0.92,0.92,1.00,0.75,1.00,1.00,0.92,0.92,1.00,0.79,1.00,1.00,1.00,0.92,1.00,0.81,1.00,0.95,1.00,0.92,1.00,0.83,1.00,0.95,1.00,0.92,1.00,0.87,1.00,0.73,1.00,0.83,0.92,0.85,1.00,0.73,1.00,0.83,1.00,0.89,1.00,0.55,1.00,0.83
Nicaragua,0.42,0.78,0.25,0.59,0.58,0.25,0.46,0.78,0.25,0.64,0.58,0.25,0.46,0.79,0.25,0.64,0.58,0.25,0.50,0.80,0.25,0.68,0.58,0.25,0.50,0.77,0.25,0.68,0.58,0.25,0.54,0.75,0.25,0.68,0.58,0.42,0.54,0.72,0.25,0.68,0.58,0.42,0.58,0.71,0.25,0.68,0.67,0.42,0.67,0.72,0.25,0.68,0.67,0.42,0.75,0.78,0.25,0.73,0.67,0.42,0.75,0.74,0.25,0.73,0.67,0.42,0.75,0.74,0.25,0.73,0.67,0.42,0.67,0.75,0.25,0.68,0.67,0.42,0.67,0.67,0.25,0.64,0.67,0.42,0.67,0.73,0.25,0.45,0.67,0.42,0.67,0.80,0.25,0.45,0.67,0.67,0.67,0.75,0.25,0.45,0.67,0.67,0.58,0.80,0.25,0.36,0.67,0.67
Niger,0.42,0.61,0.38,0.59,0.33,0.25,0.42,0.59,0.38,0.59,0.33,0.25,0.42,0.60,0.38,0.59,0.33,0.25,0.42,0.57,0.38,0.45,0.33,0.25,0.42,0.64,0.38,0.45,0.33,0.25,0.42,0.65,0.38,0.45,0.33,0.25,0.42,0.63,0.38,0.45,0.33,0.25,0.58,0.65,0.38,0.59,0.33,0.25,0.63,0.66,0.38,0.59,0.33,0.25,0.63,0.67,0.25,0.55,0.33,0.25,0.63,0.72,0.25,0.59,0.33,0.17,0.63,0.74,0.25,0.59,0.33,0.17,0.63,0.76,0.25,0.59,0.33,0.17,0.63,0.76,0.25,0.59,0.33,0.17,0.67,0.76,0.25,0.59,0.33,0.17,0.75,0.76,0.25,0.64,0.33,0.17,0.17,0.76,0.25,0.64,0.33,0.00,0.08,0.76,0.25,0.18,0.33,0.33
Nigeria,0.54,0.52,0.25,0.45,0.33,0.25,0.54,0.53,0.25,0.45,0.33,0.25,0.46,0.49,0.25,0.45,0.33,0.25,0.46,0.50,0.25,0.50,0.33,0.25,0.46,0.54,0.25,0.50,0.33,0.25,0.46,0.56,0.25,0.50,0.33,0.25,0.46,0.55,0.25,0.50,0.33,0.25,0.46,0.56,0.25,0.50,0.33,0.25,0.46,0.55,0.25,0.50,0.33,0.25,0.46,0.52,0.25,0.45,0.33,0.25,0.46,0.55,0.25,0.45,0.33,0.25,0.50,0.58,0.25,0.55,0.33,0.25,0.42,0.56,0.25,0.32,0.25,0.17,0.42,0.61,0.25,0.32,0.25,0.17,0.46,0.46,0.25,0.23,0.25,0.17,0.50,0.56,0.25,0.36,0.50,0.17,0.33,0.74,0.00,0.36,0.50,0.17,0.17,0.73,0.50,0.36,0.50,0.33
Norway,1.00,0.76,1.00,0.95,1.00,0.92,1.00,0.77,1.00,0.91,1.00,0.92,1.00,0.79,1.00,0.95,1.00,0.92,1.00,0.79,1.00,0.95,1.00,0.92,1.00,0.79,1.00,0.95,1.00,0.92,1.00,0.77,1.00,0.95,1.00,0.83,1.00,0.79,1.00,0.95,1.00,0.83,1.00,0.79,1.00,0.95,1.00,0.83,1.00,0.77,1.00,0.95,1.00,0.83,1.00,0.80,1.00,0.95,1.00,0.83,1.00,0.78,1.00,0.95,1.00,0.83,1.00,0.81,1.00,0.95,1.00,0.83,1.00,0.79,1.00,0.95,1.00,0.83,1.00,0.81,1.00,0.95,1.00,0.83,1.00,0.85,1.00,0.95,1.00,0.83,1.00,0.89,1.00,0.73,1.00,0.83,1.00,0.89,1.00,0.64,1.00,0.83,1.00,0.89,1.00,0.73,1.00,0.83
Oman,0.58,0.79,0.50,0.82,0.83,0.50,0.58,0.80,0.50,0.91,0.83,0.50,0.58,0.80,0.50,0.91,0.83,0.50,0.58,0.80,0.50,0.91,0.83,0.42,0.58,0.80,0.50,0.91,0.83,0.42,0.58,0.75,0.50,0.77,0.83,0.42,0.50,0.84,0.50,0.95,0.83,0.42,0.50,0.84,0.50,0.95,0.83,0.42,0.50,0.84,0.50,0.95,0.83,0.42,0.50,0.84,0.50,0.95,0.83,0.42,0.50,0.84,0.50,0.95,0.83,0.42,0.50,0.84,0.50,0.95,0.83,0.42,0.50,0.84,0.50,0.95,0.83,0.42,0.50,0.83,0.50,0.95,0.83,0.42,0.50,0.82,0.50,0.95,0.83,0.42,0.50,0.91,0.50,0.64,0.83,0.50,0.50,0.91,0.50,0.55,0.83,0.50,0.58,0.87,0.75,0.36,0.83,0.50
Pakistan,0.50,0.47,0.50,0.64,0.50,0.33,0.50,0.44,0.50,0.64,0.50,0.33,0.50,0.46,0.50,0.55,0.50,0.33,0.54,0.47,0.50,0.55,0.58,0.33,0.38,0.43,0.50,0.50,0.58,0.33,0.38,0.41,0.50,0.55,0.58,0.33,0.38,0.42,0.50,0.59,0.58,0.33,0.25,0.44,0.50,0.59,0.50,0.33,0.21,0.46,0.50,0.59,0.50,0.33,0.17,0.41,0.50,0.64,0.50,0.33,0.17,0.50,0.50,0.64,0.50,0.25,0.17,0.52,0.50,0.41,0.50,0.25,0.08,0.67,0.50,0.27,0.50,0.25,0.08,0.73,0.50,0.27,0.50,0.25,0.08,0.70,0.50,0.32,0.50,0.25,0.00,0.66,0.50,0.18,0.50,0.33,0.33,0.69,0.50,0.27,0.50,0.50,0.50,0.78,0.50,0.55,0.67,0.33
Panama,0.92,0.77,0.50,0.73,0.50,0.33,0.92,0.79,0.50,0.77,0.50,0.33,0.92,0.75,0.50,0.77,0.50,0.33,0.92,0.72,0.50,0.77,0.50,0.33,0.88,0.73,0.50,0.77,0.50,0.33,0.92,0.79,0.50,0.82,0.50,0.33,0.92,0.86,0.50,0.82,0.50,0.33,0.92,0.86,0.50,0.82,0.50,0.33,0.92,0.82,0.50,0.82,0.50,0.33,0.92,0.83,0.50,0.82,0.50,0.33,0.92,0.83,0.50,0.82,0.50,0.33,0.92,0.82,0.50,0.82,0.50,0.33,0.92,0.83,0.50,0.82,0.50,0.33,0.92,0.77,0.50,0.82,0.50,0.33,0.92,0.78,0.50,0.77,0.50,0.33,0.92,0.82,0.75,0.82,0.50,0.33,0.92,0.80,0.75,0.82,0.50,0.33,0.50,0.71,0.25,0.36,0.50,0.33
Papua New Guinea,0.63,0.59,0.50,0.59,0.50,0.33,0.63,0.56,0.50,0.59,0.50,0.33,0.63,0.57,0.50,0.59,0.50,0.33,0.63,0.67,0.50,0.59,0.42,0.33,0.63,0.66,0.50,0.59,0.42,0.33,0.63,0.61,0.50,0.64,0.42,0.33,0.63,0.63,0.50,0.64,0.42,0.33,0.67,0.64,0.50,0.64,0.42,0.17,0.75,0.67,0.50,0.64,0.42,0.17,0.75,0.69,0.50,0.64,0.42,0.17,0.75,0.61,0.50,0.64,0.42,0.17,0.75,0.62,0.50,0.64,0.42,0.17,0.50,0.58,0.50,0.64,0.33,0.17,0.50,0.61,0.50,0.64,0.33,0.17,0.42,0.65,0.50,0.64,0.33,0.17,0.50,0.67,0.50,0.73,0.33,0.33,0.58,0.74,0.50,0.73,0.50,0.67,0.75,0.74,0.75,0.45,0.50,0.50
Paraguay,0.29,0.71,0.38,0.68,0.33,0.33,0.29,0.71,0.25,0.68,0.33,0.33,0.29,0.73,0.25,0.68,0.33,0.33,0.29,0.73,0.25,0.68,0.33,0.25,0.29,0.67,0.25,0.68,0.33,0.25,0.29,0.69,0.25,0.68,0.33,0.25,0.29,0.69,0.25,0.68,0.33,0.25,0.29,0.72,0.25,0.68,0.33,0.17,0.29,0.73,0.25,0.68,0.33,0.17,0.29,0.71,0.25,0.68,0.33,0.17,0.29,0.72,0.25,0.68,0.33,0.17,0.29,0.72,0.25,0.68,0.33,0.17,0.29,0.74,0.25,0.68,0.33,0.17,0.29,0.77,0.25,0.68,0.33,0.17,0.29,0.64,0.25,0.68,0.33,0.17,0.33,0.75,0.25,0.36,0.50,0.33,0.50,0.78,0.25,0.45,0.67,0.33,0.67,0.82,0.50,0.64,0.67,0.33
Peru,0.79,0.63,0.50,0.73,0.50,0.50,0.79,0.58,0.50,0.64,0.50,0.33,0.79,0.59,0.50,0.68,0.50,0.33,0.79,0.59,0.50,0.68,0.50,0.33,0.79,0.63,0.50,0.64,0.50,0.33,0.79,0.60,0.50,0.59,0.50,0.42,0.79,0.59,0.50,0.64,0.58,0.42,0.79,0.58,0.50,0.64,0.58,0.42,0.83,0.57,0.50,0.64,0.50,0.42,0.83,0.61,0.50,0.64,0.50,0.42,0.83,0.59,0.50,0.64,0.50,0.42,0.83,0.58,0.50,0.64,0.50,0.42,0.83,0.59,0.50,0.64,0.50,0.42,0.83,0.56,0.50,0.64,0.50,0.42,0.83,0.55,0.50,0.59,0.50,0.33,0.50,0.67,0.50,0.55,0.50,0.67,0.33,0.65,0.50,0.73,0.50,0.50,0.25,0.69,0.25,0.64,0.50,0.50
Philippines,0.63,0.68,0.75,0.82,0.42,0.42,0.67,0.67,0.75,0.73,0.42,0.42,0.67,0.67,0.75,0.64,0.42,0.42,0.67,0.68,0.75,0.64,0.42,0.42,0.67,0.69,0.75,0.73,0.42,0.33,0.67,0.68,0.75,0.77,0.42,0.33,0.67,0.70,0.75,0.73,0.42,0.33,0.71,0.67,0.75,0.73,0.42,0.33,0.71,0.67,0.75,0.73,0.42,0.33,0.71,0.65,0.75,0.73,0.42,0.33,0.71,0.66,0.75,0.73,0.42,0.33,0.71,0.72,0.75,0.73,0.42,0.33,0.71,0.77,0.75,0.77,0.33,0.33,0.75,0.77,0.75,0.73,0.33,0.33,0.75,0.78,0.75,0.82,0.33,0.25,0.75,0.59,0.75,0.64,0.33,0.33,0.83,0.87,0.75,0.64,0.67,0.67,0.67,0.84,0.50,0.45,0.67,0.50
Poland,1.00,0.82,0.75,0.73,0.75,0.58,1.00,0.83,0.75,0.77,0.75,0.58,1.00,0.80,0.75,0.77,0.75,0.58,1.00,0.77,0.75,0.73,0.75,0.50,1.00,0.78,0.75,0.73,0.75,0.50,1.00,0.83,0.75,0.82,0.75,0.42,1.00,0.82,0.75,0.95,0.75,0.42,1.00,0.85,0.75,0.95,0.75,0.42,1.00,0.84,0.75,0.95,0.75,0.42,1.00,0.80,0.75,0.91,0.75,0.42,1.00,0.75,0.75,0.91,0.75,0.42,1.00,0.81,0.75,0.95,0.75,0.42,1.00,0.78,0.75,0.95,0.67,0.33,1.00,0.80,0.75,0.91,0.67,0.33,1.00,0.90,0.75,0.91,0.67,0.33,1.00,0.82,0.75,0.73,0.67,0.50,1.00,0.98,0.75,0.91,0.83,0.83,0.92,0.95,0.88,0.55,0.83,0.83
Portugal,0.96,0.80,0.75,0.73,0.83,0.67,0.96,0.76,0.75,0.68,0.83,0.67,0.96,0.75,0.75,0.50,0.83,0.67,0.96,0.74,0.75,0.50,0.83,0.58,0.96,0.73,0.75,0.50,0.83,0.58,1.00,0.76,0.75,0.50,0.83,0.67,1.00,0.73,0.75,0.77,0.83,0.67,1.00,0.77,0.75,0.95,0.83,0.67,1.00,0.82,0.75,0.95,0.83,0.67,1.00,0.80,0.75,1.00,0.83,0.67,1.00,0.82,0.75,1.00,0.83,0.67,1.00,0.83,0.75,1.00,0.83,0.67,1.00,0.74,0.75,1.00,0.83,0.58,1.00,0.86,0.75,1.00,0.83,0.58,1.00,0.88,0.75,1.00,0.83,0.58,1.00,0.98,0.75,0.82,0.83,0.83,1.00,0.98,0.75,0.91,0.83,0.83,1.00,0.95,0.75,0.55,1.00,0.83
Qatar,0.50,0.83,0.50,0.82,0.83,0.67,0.50,0.83,0.50,0.82,0.83,0.67,0.50,0.83,0.50,0.82,0.83,0.67,0.50,0.83,0.50,0.82,0.83,0.50,0.50,0.83,0.50,0.82,0.83,0.50,0.50,0.82,0.50,0.77,0.83,0.42,0.50,0.85,0.50,0.82,0.83,0.42,0.50,0.85,0.50,0.82,0.83,0.42,0.50,0.85,0.50,0.82,0.83,0.42,0.50,0.85,0.50,0.82,0.83,0.42,0.50,0.85,0.50,0.82,0.83,0.42,0.50,0.85,0.50,0.82,0.83,0.42,0.50,0.85,0.50,0.82,0.83,0.33,0.50,0.85,0.50,0.82,0.83,0.33,0.50,0.89,0.50,0.82,0.83,0.33,0.50,0.93,0.50,0.82,1.00,0.33,0.42,0.93,0.50,0.82,1.00,0.33,0.42,0.86,0.50,0.45,1.00,0.33
Romania,0.92,0.70,0.25,0.64,0.58,0.42,0.92,0.69,0.25,0.59,0.58,0.42,0.92,0.71,0.25,0.59,0.58,0.42,0.92,0.69,0.25,0.59,0.58,0.33,0.92,0.63,0.25,0.59,0.58,0.33,0.92,0.69,0.25,0.68,0.67,0.42,0.92,0.70,0.25,0.64,0.67,0.42,0.92,0.73,0.25,0.73,0.67,0.42,0.92,0.68,0.25,0.73,0.67,0.42,0.92,0.71,0.25,0.73,0.67,0.42,0.92,0.71,0.25,0.73,0.67,0.42,0.92,0.70,0.25,0.73,0.67,0.42,0.92,0.73,0.25,0.73,0.67,0.42,0.92,0.80,0.25,0.68,0.67,0.42,0.92,0.81,0.25,0.68,0.67,0.33,0.92,0.67,0.25,0.36,0.67,0.50,0.92,0.89,0.25,0.73,0.83,0.50,0.75,0.89,0.25,0.45,0.83,0.50
Russian Federation,0.50,0.57,0.25,0.64,0.50,0.25,0.50,0.57,0.25,0.59,0.50,0.25,0.50,0.59,0.25,0.59,0.50,0.25,0.50,0.59,0.25,0.68,0.50,0.25,0.50,0.59,0.25,0.68,0.50,0.25,0.54,0.61,0.25,0.77,0.67,0.33,0.58,0.65,0.25,0.77,0.67,0.33,0.58,0.67,0.25,0.77,0.67,0.33,0.58,0.65,0.25,0.77,0.67,0.33,0.63,0.69,0.25,0.77,0.67,0.33,0.63,0.68,0.25,0.68,0.67,0.33,0.67,0.70,0.25,0.73,0.67,0.33,0.67,0.72,0.25,0.73,0.67,0.33,0.71,0.69,0.25,0.73,0.67,0.25,0.63,0.67,0.25,0.73,0.67,0.17,0.58,0.65,0.25,0.55,0.50,0.17,0.50,0.72,0.25,0.18,0.50,0.33,0.67,0.69,0.50,0.45,0.67,0.33
Saudi Arabia,0.58,0.70,0.50,0.73,0.83,0.50,0.58,0.71,0.50,0.86,0.83,0.50,0.50,0.69,0.50,0.82,0.83,0.50,0.50,0.74,0.50,0.86,0.83,0.42,0.50,0.77,0.50,0.86,0.83,0.42,0.50,0.74,0.50,0.91,0.83,0.42,0.50,0.75,0.50,0.91,0.83,0.42,0.50,0.77,0.50,0.91,0.83,0.33,0.46,0.80,0.50,0.91,0.83,0.33,0.46,0.80,0.50,0.91,0.83,0.33,0.46,0.80,0.50,0.91,0.83,0.33,0.46,0.81,0.50,0.91,0.83,0.33,0.46,0.78,0.50,0.91,0.83,0.33,0.42,0.77,0.50,0.91,0.83,0.33,0.42,0.74,0.50,0.91,0.83,0.33,0.42,0.80,0.50,0.73,0.83,0.33,0.42,0.82,0.50,0.55,0.83,0.33,0.42,0.82,0.50,0.45,0.83,0.33
Senegal,0.54,0.61,0.25,0.68,0.50,0.33,0.54,0.60,0.25,0.64,0.50,0.33,0.54,0.61,0.25,0.64,0.50,0.42,0.54,0.61,0.25,0.64,0.50,0.42,0.54,0.65,0.25,0.59,0.50,0.42,0.38,0.59,0.25,0.59,0.50,0.33,0.42,0.67,0.25,0.59,0.50,0.33,0.42,0.67,0.25,0.59,0.50,0.33,0.46,0.72,0.25,0.59,0.50,0.33,0.46,0.72,0.25,0.64,0.50,0.42,0.46,0.69,0.25,0.64,0.50,0.42,0.46,0.70,0.25,0.64,0.50,0.42,0.50,0.68,0.25,0.64,0.50,0.42,0.50,0.69,0.25,0.64,0.50,0.42,0.50,0.73,0.25,0.64,0.50,0.42,0.50,0.67,0.25,0.55,0.50,0.50,0.50,0.65,0.25,0.55,0.50,0.50,0.67,0.58,0.50,0.45,0.50,0.50
Serbia,0.79,0.64,0.50,0.50,0.58,0.33,0.79,0.63,0.50,0.55,0.58,0.33,0.79,0.65,0.50,0.55,0.58,0.33,0.79,0.61,0.50,0.55,0.58,0.33,0.79,0.59,0.50,0.55,0.58,0.33,0.79,0.63,0.50,0.59,0.58,0.33,0.79,0.65,0.50,0.55,0.58,0.33,0.79,0.64,0.50,0.59,0.58,0.33,0.79,0.61,0.50,0.59,0.58,0.33,0.79,0.67,0.50,0.59,0.58,0.33,0.67,0.65,0.50,0.59,0.58,0.33,0.67,0.64,0.50,0.64,0.58,0.33,0.67,0.67,0.50,0.64,0.58,0.33,0.67,0.65,0.50,0.64,0.58,0.33,0.50,0.55,0.50,0.64,0.50,0.17,0.42,0.58,0.50,0.00,0.33,0.17,0.50,0.36,0.50,0.09,0.67,0.17,0.25,0.69,0.50,0.55,0.83,0.50
Sierra Leone,0.54,0.70,0.00,0.50,0.58,0.33,0.54,0.72,0.00,0.41,0.58,0.33,0.58,0.70,0.00,0.41,0.58,0.33,0.58,0.75,0.00,0.45,0.58,0.33,0.58,0.76,0.00,0.45,0.58,0.25,0.58,0.78,0.00,0.45,0.58,0.33,0.58,0.81,0.00,0.55,0.58,0.33,0.58,0.80,0.00,0.55,0.58,0.33,0.58,0.80,0.00,0.55,0.58,0.25,0.58,0.82,0.00,0.59,0.58,0.25,0.58,0.82,0.00,0.59,0.58,0.25,0.58,0.82,0.00,0.59,0.58,0.25,0.58,0.88,0.00,0.59,0.58,0.42,0.46,0.71,0.00,0.55,0.50,0.42,0.46,0.71,0.00,0.50,0.50,0.42,0.00,0.56,0.00,0.09,0.50,0.50,0.00,0.49,0.00,0.00,0.50,0.50,0.58,0.58,0.25,0.09,0.33,0.50
Singapore,0.58,0.85,1.00,0.91,0.83,0.75,0.58,0.86,1.00,1.00,0.83,0.75,0.58,0.84,1.00,1.00,0.83,0.75,0.58,0.86,1.00,1.00,0.83,0.75,0.58,0.88,1.00,1.00,0.83,0.75,0.58,0.88,1.00,1.00,0.83,0.75,0.58,0.91,1.00,1.00,0.83,0.75,0.58,0.91,1.00,1.00,0.83,0.75,0.58,0.91,1.00,1.00,0.83,0.75,0.58,0.91,1.00,1.00,0.83,0.75,0.58,0.91,1.00,1.00,0.83,0.75,0.58,0.91,1.00,1.00,0.83,0.75,0.58,0.90,1.00,1.00,0.83,0.75,0.67,0.93,1.00,1.00,0.83,0.75,0.67,0.94,1.00,1.00,1.00,0.75,0.67,0.91,1.00,0.91,1.00,0.67,0.75,0.91,1.00,0.73,1.00,0.67,0.75,0.95,0.88,0.73,1.00,0.67
Slovak Republic,1.00,0.73,0.75,0.73,0.67,0.50,1.00,0.73,0.75,0.73,0.67,0.50,1.00,0.73,0.75,0.73,0.67,0.50,1.00,0.77,0.75,0.73,0.67,0.42,1.00,0.78,0.75,0.73,0.67,0.42,1.00,0.74,0.75,0.73,0.67,0.42,1.00,0.77,0.75,0.82,0.67,0.42,1.00,0.77,0.75,0.91,0.67,0.42,1.00,0.77,0.75,0.91,0.67,0.42,1.00,0.77,0.75,0.91,0.67,0.42,1.00,0.77,0.75,0.91,0.67,0.42,1.00,0.74,0.75,0.91,0.67,0.42,1.00,0.77,0.75,1.00,0.67,0.42,1.00,0.75,0.75,1.00,0.67,0.42,1.00,0.79,0.75,1.00,0.67,0.42,1.00,0.78,0.75,0.64,0.67,0.67,1.00,0.94,0.75,0.73,0.83,0.67,0.92,0.84,0.88,0.55,0.83,0.50
Slovenia,0.88,0.69,0.88,0.55,0.75,0.58,0.88,0.70,0.75,0.55,0.75,0.58,0.88,0.73,0.75,0.68,0.75,0.58,0.88,0.69,0.75,0.55,0.75,0.58,0.88,0.73,0.75,0.59,0.75,0.58,0.88,0.73,0.75,0.59,0.75,0.50,0.88,0.74,0.75,0.86,0.75,0.50,0.88,0.77,0.75,0.91,0.75,0.50,0.88,0.78,0.75,0.91,0.75,0.50,0.88,0.76,0.75,0.91,0.75,0.50,0.92,0.78,0.75,0.91,0.75,0.50,0.83,0.84,0.75,0.91,0.75,0.50,0.83,0.79,0.75,0.91,0.75,0.50,0.83,0.86,0.75,0.91,0.75,0.50,0.83,0.90,0.75,0.82,0.75,0.50,0.83,0.87,0.75,0.82,0.83,0.67,0.83,0.89,0.75,0.82,0.83,0.67,#N/A,#N/A,#N/A,#N/A,#N/A,#N/A
Somalia,0.33,0.45,0.00,0.18,0.08,0.17,0.21,0.44,0.00,0.18,0.08,0.17,0.21,0.40,0.00,0.18,0.08,0.17,0.21,0.40,0.00,0.18,0.08,0.17,0.17,0.38,0.00,0.09,0.08,0.17,0.17,0.30,0.00,0.09,0.08,0.17,0.17,0.32,0.00,0.09,0.08,0.17,0.17,0.33,0.00,0.09,0.08,0.17,0.17,0.31,0.00,0.09,0.08,0.17,0.17,0.32,0.00,0.09,0.08,0.17,0.17,0.33,0.00,0.09,0.08,0.17,0.17,0.37,0.00,0.09,0.08,0.17,0.17,0.33,0.00,0.14,0.08,0.17,0.17,0.32,0.00,0.14,0.33,0.17,0.17,0.28,0.00,0.14,0.33,0.17,0.17,0.54,0.00,0.36,0.33,0.17,0.08,0.36,0.00,0.18,0.33,0.17,0.08,0.38,0.00,0.00,0.33,0.17
South Africa,0.83,0.66,0.50,0.55,0.33,0.42,0.83,0.69,0.50,0.64,0.33,0.42,0.83,0.69,0.50,0.55,0.33,0.42,0.83,0.67,0.50,0.64,0.33,0.42,0.83,0.65,0.50,0.77,0.42,0.42,0.83,0.69,0.50,0.77,0.42,0.42,0.83,0.68,0.50,0.77,0.42,0.50,0.83,0.73,0.50,0.77,0.42,0.42,0.83,0.69,0.50,0.86,0.42,0.42,0.83,0.75,0.50,0.86,0.42,0.42,0.83,0.75,0.50,0.86,0.42,0.42,0.83,0.76,0.50,0.91,0.42,0.42,0.83,0.79,0.50,0.91,0.42,0.33,0.79,0.74,0.50,0.91,0.42,0.33,0.67,0.68,0.50,0.86,0.25,0.42,0.75,0.69,0.50,0.55,0.33,0.50,0.75,0.72,0.50,0.73,0.50,0.50,0.83,0.73,0.75,0.55,0.67,0.83
Spain,0.92,0.68,0.75,0.82,0.83,0.58,0.92,0.67,0.75,0.73,0.83,0.58,0.92,0.64,0.75,0.68,0.83,0.58,0.92,0.64,0.75,0.68,0.83,0.67,0.92,0.66,0.75,0.50,0.83,0.67,0.92,0.66,0.75,0.55,0.83,0.67,0.92,0.63,0.75,0.82,0.83,0.67,0.92,0.70,0.75,0.91,0.83,0.67,0.92,0.71,0.75,0.95,0.83,0.67,0.92,0.73,0.75,1.00,0.83,0.67,0.92,0.77,0.75,1.00,0.83,0.67,0.92,0.72,0.75,1.00,0.83,0.67,0.92,0.75,0.75,1.00,0.83,0.67,0.83,0.77,1.00,1.00,0.75,0.58,0.92,0.78,1.00,1.00,0.75,0.58,0.92,0.76,1.00,0.91,0.67,0.67,0.92,0.67,0.75,0.91,0.67,0.83,0.92,0.84,0.88,0.55,1.00,0.83
Sri Lanka,0.58,0.66,0.50,0.55,0.58,0.42,0.58,0.72,0.50,0.59,0.58,0.42,0.42,0.61,0.50,0.64,0.42,0.42,0.42,0.61,0.50,0.64,0.42,0.42,0.42,0.62,0.50,0.59,0.42,0.42,0.42,0.65,0.50,0.59,0.42,0.42,0.42,0.66,0.50,0.68,0.42,0.42,0.50,0.63,0.50,0.68,0.50,0.42,0.50,0.57,0.50,0.59,0.50,0.42,0.50,0.57,0.50,0.59,0.50,0.42,0.50,0.59,0.50,0.59,0.50,0.42,0.50,0.57,0.50,0.59,0.50,0.42,0.50,0.54,0.50,0.59,0.50,0.50,0.58,0.55,0.50,0.64,0.50,0.50,0.58,0.64,0.50,0.68,0.50,0.50,0.50,0.45,0.50,0.45,0.50,0.67,0.58,0.52,0.50,0.73,0.50,0.67,0.50,0.52,0.50,0.45,0.67,0.67
Sudan,0.17,0.40,0.25,0.50,0.42,0.08,0.17,0.40,0.25,0.50,0.42,0.08,0.17,0.40,0.25,0.55,0.42,0.08,0.17,0.46,0.25,0.55,0.42,0.08,0.17,0.46,0.25,0.55,0.42,0.08,0.17,0.44,0.25,0.55,0.42,0.17,0.17,0.47,0.25,0.59,0.42,0.17,0.17,0.48,0.25,0.59,0.42,0.17,0.17,0.54,0.25,0.59,0.42,0.17,0.17,0.53,0.25,0.59,0.42,0.17,0.17,0.56,0.25,0.59,0.42,0.17,0.17,0.61,0.25,0.59,0.42,0.17,0.17,0.60,0.25,0.59,0.42,0.17,0.29,0.60,0.25,0.45,0.42,0.17,0.29,0.58,0.25,0.45,0.42,0.17,0.17,0.48,0.25,0.18,0.33,0.17,0.08,0.43,0.25,0.45,0.33,0.17,0.08,0.32,0.25,0.27,0.33,0.17
Suriname,0.71,0.70,0.50,0.55,0.50,0.33,0.71,0.70,0.50,0.55,0.50,0.33,0.71,0.70,0.50,0.55,0.50,0.33,0.71,0.70,0.50,0.55,0.50,0.33,0.71,0.70,0.50,0.55,0.50,0.33,0.71,0.71,0.50,0.55,0.50,0.33,0.71,0.68,0.50,0.55,0.50,0.33,0.71,0.68,0.50,0.55,0.50,0.33,0.71,0.68,0.50,0.55,0.50,0.33,0.71,0.68,0.50,0.55,0.50,0.33,0.71,0.68,0.50,0.55,0.50,0.33,0.71,0.69,0.50,0.55,0.50,0.33,0.67,0.75,0.50,0.45,0.50,0.33,0.67,0.76,0.50,0.41,0.50,0.33,0.67,0.76,0.50,0.41,0.50,0.33,0.67,0.71,0.50,0.36,0.50,0.50,0.58,0.80,0.50,0.45,0.50,0.50,0.50,0.83,0.25,0.36,0.50,0.50
Sweden,0.96,0.77,1.00,1.00,1.00,0.92,0.96,0.77,1.00,1.00,1.00,0.92,0.96,0.75,1.00,1.00,1.00,0.92,0.96,0.78,1.00,1.00,1.00,0.92,0.96,0.79,1.00,1.00,1.00,0.92,0.96,0.79,1.00,1.00,1.00,0.83,0.96,0.79,1.00,1.00,1.00,0.83,0.96,0.83,1.00,1.00,1.00,0.83,0.96,0.82,1.00,1.00,1.00,0.83,0.96,0.82,1.00,1.00,1.00,0.83,0.96,0.84,1.00,1.00,1.00,0.83,0.96,0.84,1.00,1.00,1.00,0.83,0.96,0.88,1.00,1.00,1.00,0.83,0.96,0.84,1.00,1.00,1.00,0.92,0.96,0.86,1.00,1.00,1.00,0.92,1.00,0.87,1.00,0.73,1.00,1.00,1.00,0.87,1.00,0.55,1.00,1.00,1.00,0.89,1.00,0.64,1.00,1.00
Switzerland,1.00,0.81,1.00,0.95,0.83,0.83,1.00,0.81,1.00,0.95,0.83,0.83,1.00,0.81,1.00,0.95,0.83,0.83,1.00,0.81,1.00,0.95,0.83,0.83,1.00,0.81,1.00,0.95,0.83,0.83,1.00,0.80,1.00,0.95,0.83,0.75,1.00,0.80,1.00,0.95,0.83,0.75,1.00,0.80,1.00,0.95,0.83,0.75,1.00,0.83,1.00,0.95,0.83,0.75,1.00,0.84,1.00,1.00,0.83,0.75,1.00,0.83,1.00,1.00,0.83,0.75,1.00,0.83,1.00,1.00,0.83,0.75,1.00,0.84,1.00,0.95,0.83,0.75,1.00,0.83,1.00,0.95,0.83,0.75,1.00,0.91,1.00,0.95,0.83,0.75,1.00,0.89,1.00,0.73,1.00,0.83,1.00,0.89,1.00,0.45,1.00,0.83,1.00,0.89,1.00,0.36,1.00,0.83
Syrian Arab Republic,0.25,0.45,0.38,0.45,0.75,0.17,0.25,0.42,0.38,0.27,0.75,0.17,0.25,0.42,0.38,0.27,0.75,0.17,0.25,0.42,0.38,0.27,0.75,0.25,0.25,0.43,0.38,0.36,0.75,0.25,0.25,0.47,0.38,0.36,0.75,0.33,0.25,0.69,0.38,0.41,0.83,0.33,0.25,0.69,0.38,0.36,0.83,0.33,0.25,0.69,0.38,0.36,0.83,0.33,0.25,0.69,0.25,0.36,0.83,0.33,0.25,0.71,0.25,0.36,0.83,0.33,0.25,0.71,0.25,0.45,0.83,0.33,0.25,0.73,0.25,0.50,0.83,0.33,0.25,0.86,0.25,0.50,0.83,0.33,0.25,0.89,0.25,0.50,0.83,0.33,0.25,0.91,0.25,0.36,0.83,0.33,0.25,0.93,0.25,0.36,0.83,0.67,0.33,0.86,0.50,0.45,0.83,0.67
"Taiwan, China",0.75,0.74,0.75,0.95,0.83,0.50,0.75,0.74,0.75,0.95,0.83,0.50,0.75,0.69,0.75,0.95,0.83,0.50,0.75,0.69,0.75,0.95,0.83,0.50,0.75,0.71,0.75,0.95,0.83,0.50,0.75,0.74,0.75,0.95,0.83,0.50,0.75,0.77,0.75,0.95,0.83,0.50,0.75,0.77,0.75,0.95,0.83,0.50,0.75,0.75,0.75,0.95,0.83,0.50,0.75,0.66,0.75,0.95,0.83,0.42,0.75,0.66,0.75,0.95,0.83,0.42,0.75,0.74,0.75,0.95,0.83,0.50,0.75,0.72,0.75,0.95,0.83,0.50,0.75,0.74,0.75,0.95,0.67,0.50,0.75,0.74,0.75,0.95,0.67,0.50,0.75,0.80,0.75,0.82,0.67,0.33,0.83,0.87,0.75,0.82,0.67,0.50,0.83,0.87,0.88,0.55,0.83,0.67
Tanzania,0.67,0.68,0.25,0.64,0.83,0.33,0.67,0.69,0.25,0.64,0.83,0.33,0.67,0.66,0.25,0.64,0.83,0.33,0.67,0.71,0.25,0.59,0.83,0.33,0.67,0.75,0.25,0.59,0.83,0.33,0.67,0.76,0.25,0.59,0.83,0.42,0.67,0.78,0.25,0.59,0.83,0.42,0.67,0.76,0.25,0.59,0.83,0.50,0.67,0.78,0.25,0.50,0.83,0.50,0.67,0.76,0.25,0.50,0.83,0.58,0.67,0.76,0.25,0.50,0.83,0.42,0.67,0.72,0.25,0.59,0.83,0.33,0.67,0.73,0.25,0.59,0.83,0.33,0.67,0.73,0.25,0.59,0.83,0.33,0.67,0.73,0.25,0.59,0.83,0.33,0.67,0.71,0.25,0.64,0.83,0.33,0.67,0.80,0.25,0.64,0.83,0.33,0.50,0.73,0.25,0.45,0.83,0.50
Thailand,0.38,0.63,0.50,0.64,0.42,0.33,0.42,0.63,0.50,0.59,0.42,0.33,0.42,0.61,0.50,0.59,0.42,0.33,0.54,0.60,0.50,0.68,0.42,0.33,0.54,0.61,0.50,0.68,0.42,0.33,0.54,0.66,0.50,0.68,0.42,0.33,0.63,0.55,0.50,0.59,0.42,0.33,0.67,0.56,0.50,0.59,0.42,0.33,0.67,0.55,0.50,0.59,0.42,0.33,0.67,0.57,0.50,0.55,0.42,0.25,0.67,0.62,0.50,0.68,0.42,0.25,0.71,0.63,0.50,0.68,0.42,0.25,0.67,0.68,0.50,0.68,0.42,0.25,0.67,0.81,0.50,0.73,0.42,0.25,0.67,0.83,0.50,0.68,0.83,0.25,0.67,0.84,0.50,0.73,0.83,0.33,0.58,0.91,0.50,0.36,0.83,0.33,0.67,0.84,0.75,0.55,0.83,0.50
Togo,0.38,0.61,0.00,0.59,0.50,0.33,0.38,0.62,0.00,0.59,0.50,0.33,0.17,0.61,0.00,0.59,0.50,0.33,0.17,0.62,0.00,0.59,0.50,0.25,0.17,0.58,0.00,0.59,0.50,0.25,0.17,0.62,0.00,0.59,0.50,0.33,0.17,0.67,0.00,0.59,0.50,0.33,0.21,0.67,0.00,0.59,0.50,0.25,0.21,0.69,0.00,0.59,0.50,0.25,0.21,0.69,0.00,0.59,0.50,0.25,0.21,0.65,0.00,0.59,0.50,0.25,0.17,0.63,0.00,0.59,0.50,0.25,0.25,0.66,0.00,0.59,0.50,0.25,0.25,0.61,0.00,0.59,0.50,0.25,0.25,0.65,0.00,0.59,0.50,0.25,0.25,0.61,0.00,0.45,0.50,0.33,0.25,0.61,0.00,0.45,0.50,0.33,0.33,0.58,0.25,0.45,0.50,0.33
Trinidad and Tobago,0.75,0.69,0.75,0.64,0.33,0.33,0.75,0.70,0.75,0.73,0.33,0.33,0.75,0.69,0.75,0.82,0.33,0.33,0.75,0.68,0.75,0.95,0.33,0.33,0.75,0.70,0.75,0.95,0.42,0.33,0.75,0.77,0.75,0.95,0.42,0.33,0.75,0.77,0.75,0.95,0.42,0.33,0.75,0.75,0.75,0.95,0.42,0.33,0.75,0.75,0.75,0.95,0.42,0.33,0.75,0.75,0.75,0.95,0.42,0.33,0.75,0.75,0.75,0.95,0.42,0.33,0.75,0.76,0.75,0.95,0.42,0.33,0.75,0.65,0.75,0.95,0.33,0.33,0.75,0.59,0.75,0.95,0.33,0.33,0.75,0.54,0.75,0.95,0.50,0.33,0.75,0.65,0.75,0.73,0.67,0.50,0.83,0.72,0.75,0.73,0.67,0.50,0.75,0.76,0.50,0.45,0.67,0.50
Tunisia,0.71,0.69,0.50,0.50,0.83,0.42,0.71,0.65,0.50,0.64,0.83,0.42,0.71,0.67,0.50,0.59,0.83,0.42,0.54,0.67,0.50,0.45,0.83,0.42,0.50,0.71,0.50,0.50,0.83,0.42,0.50,0.80,0.50,0.59,0.83,0.50,0.50,0.86,0.50,0.68,0.83,0.50,0.50,0.88,0.50,0.68,0.83,0.33,0.50,0.88,0.50,0.68,0.83,0.33,0.50,0.88,0.50,0.68,0.83,0.33,0.50,0.88,0.50,0.68,0.83,0.33,0.50,0.89,0.50,0.64,0.83,0.33,0.50,0.90,0.50,0.73,0.83,0.33,0.50,0.89,0.50,0.73,0.83,0.33,0.50,0.88,0.50,0.64,0.83,0.33,0.50,0.89,0.50,0.82,0.83,0.50,0.42,0.87,0.50,0.82,0.83,0.50,0.50,0.84,0.50,0.45,0.83,0.50
Turkey,0.46,0.52,0.50,0.50,0.50,0.42,0.50,0.49,0.50,0.45,0.50,0.42,0.50,0.50,0.50,0.45,0.50,0.42,0.46,0.49,0.50,0.50,0.58,0.42,0.50,0.52,0.50,0.64,0.58,0.42,0.50,0.55,0.50,0.59,0.58,0.42,0.54,0.55,0.50,0.59,0.58,0.42,0.58,0.55,0.50,0.59,0.75,0.42,0.58,0.56,0.50,0.59,0.75,0.42,0.58,0.59,0.50,0.64,0.75,0.42,0.67,0.60,0.50,0.64,0.75,0.42,0.79,0.66,0.50,0.64,0.75,0.42,0.79,0.72,0.50,0.64,0.75,0.42,0.75,0.62,0.50,0.59,0.75,0.42,0.38,0.69,0.50,0.59,0.67,0.33,0.58,0.61,0.50,0.82,0.67,0.50,0.25,0.52,0.50,0.64,0.67,0.33,0.67,0.61,0.75,0.36,0.67,0.33
United Arab Emirates,0.63,0.78,0.75,0.86,0.67,0.67,0.63,0.78,0.75,0.95,0.67,0.67,0.63,0.79,0.75,0.95,0.67,0.67,0.63,0.84,0.75,0.95,0.67,0.58,0.63,0.86,0.75,0.82,0.67,0.58,0.63,0.86,0.75,0.82,0.67,0.58,0.63,0.87,0.75,0.91,0.67,0.58,0.63,0.87,0.75,0.91,0.67,0.42,0.63,0.87,0.75,0.91,0.67,0.42,0.63,0.87,0.75,0.95,0.67,0.33,0.58,0.86,0.75,0.95,0.67,0.33,0.58,0.86,0.75,0.95,0.67,0.33,0.58,0.83,0.75,0.95,0.67,0.33,0.58,0.83,0.75,0.95,0.67,0.33,0.58,0.81,0.75,0.95,0.67,0.33,0.58,0.85,0.75,0.55,0.67,0.33,0.58,0.85,0.75,0.55,0.67,0.33,0.58,0.80,0.50,0.55,0.67,0.33
Uganda,0.38,0.56,0.50,0.68,0.58,0.25,0.38,0.60,0.50,0.68,0.58,0.25,0.38,0.52,0.50,0.64,0.58,0.25,0.38,0.52,0.50,0.64,0.58,0.25,0.38,0.56,0.50,0.55,0.58,0.25,0.38,0.56,0.50,0.59,0.58,0.33,0.38,0.57,0.50,0.64,0.58,0.33,0.38,0.61,0.50,0.68,0.58,0.33,0.38,0.61,0.50,0.68,0.58,0.33,0.38,0.61,0.50,0.68,0.58,0.33,0.38,0.63,0.50,0.68,0.67,0.33,0.38,0.61,0.50,0.68,0.67,0.33,0.38,0.61,0.50,0.68,0.67,0.33,0.38,0.64,0.50,0.68,0.67,0.33,0.33,0.66,0.50,0.73,0.67,0.33,0.33,0.73,0.50,0.64,0.67,0.33,0.33,0.64,0.50,0.82,0.67,0.33,0.33,0.60,0.25,0.55,0.67,0.33
Ukraine,0.83,0.60,0.25,0.64,0.67,0.33,0.83,0.56,0.25,0.59,0.67,0.25,0.83,0.62,0.25,0.45,0.67,0.25,0.83,0.67,0.25,0.45,0.67,0.25,0.83,0.70,0.25,0.50,0.67,0.25,0.83,0.72,0.25,0.50,0.67,0.33,0.83,0.72,0.25,0.41,0.67,0.33,0.88,0.68,0.25,0.45,0.67,0.33,0.88,0.69,0.25,0.45,0.67,0.33,0.88,0.76,0.25,0.64,0.67,0.33,0.88,0.71,0.25,0.64,0.67,0.33,0.83,0.75,0.25,0.64,0.67,0.33,0.58,0.66,0.25,0.55,0.67,0.17,0.58,0.70,0.25,0.45,0.67,0.17,0.58,0.68,0.25,0.45,0.67,0.17,0.67,0.73,0.25,0.18,0.67,0.33,0.83,0.84,0.25,0.36,0.67,0.50,#N/A,#N/A,#N/A,#N/A,#N/A,#N/A
United Kingdom,1.00,0.71,1.00,0.95,0.83,0.83,1.00,0.73,1.00,1.00,0.83,0.83,1.00,0.70,1.00,0.95,0.83,0.83,1.00,0.68,1.00,0.86,0.83,0.75,1.00,0.67,1.00,0.68,0.83,0.75,1.00,0.66,1.00,0.68,0.83,0.67,1.00,0.68,1.00,0.95,0.92,0.67,1.00,0.60,1.00,0.86,0.92,0.67,1.00,0.66,1.00,0.86,0.92,0.67,1.00,0.66,1.00,1.00,0.92,0.67,1.00,0.66,1.00,1.00,0.92,0.67,1.00,0.66,1.00,1.00,0.92,0.75,1.00,0.68,1.00,1.00,0.92,0.75,1.00,0.72,1.00,1.00,1.00,0.75,1.00,0.72,1.00,1.00,1.00,0.75,1.00,0.82,1.00,0.91,1.00,0.83,0.92,0.84,1.00,0.91,1.00,0.83,1.00,0.82,1.00,0.82,1.00,0.67
United States,0.83,0.81,1.00,1.00,0.83,0.75,0.83,0.79,1.00,1.00,0.83,0.75,0.83,0.74,1.00,1.00,0.83,0.75,0.83,0.73,1.00,1.00,0.83,0.58,0.83,0.80,1.00,1.00,0.83,0.67,0.83,0.80,1.00,1.00,0.83,0.67,0.83,0.75,1.00,1.00,0.83,0.67,0.83,0.81,1.00,1.00,0.83,0.67,0.83,0.79,1.00,0.91,0.83,0.67,0.83,0.66,1.00,1.00,0.83,0.67,0.83,0.71,1.00,1.00,0.83,0.67,0.83,0.73,1.00,1.00,0.83,0.83,0.83,0.79,1.00,0.95,0.83,0.83,0.88,0.80,1.00,0.95,0.83,0.67,0.88,0.75,1.00,1.00,0.83,0.67,0.92,0.80,1.00,0.91,1.00,0.67,1.00,0.82,1.00,0.91,1.00,0.67,1.00,0.84,1.00,0.73,1.00,0.67
Uruguay,0.71,0.76,0.50,0.82,0.42,0.75,0.71,0.78,0.50,0.82,0.42,0.75,0.71,0.81,0.50,0.82,0.42,0.75,0.71,0.78,0.50,0.82,0.42,0.67,0.71,0.78,0.50,0.82,0.42,0.67,0.71,0.85,0.50,0.77,0.42,0.58,0.75,0.85,0.50,0.77,0.42,0.58,0.75,0.82,0.50,0.77,0.42,0.50,0.75,0.81,0.50,0.77,0.42,0.50,0.75,0.83,0.50,0.77,0.42,0.50,0.75,0.84,0.50,0.77,0.42,0.50,0.75,0.88,0.50,0.77,0.42,0.50,0.83,0.90,0.50,0.82,0.42,0.50,0.83,0.83,0.50,0.68,0.42,0.50,0.83,0.81,0.50,0.86,0.42,0.50,0.83,0.89,0.50,0.82,0.50,0.50,0.83,0.89,0.50,0.82,0.50,0.50,0.75,0.80,0.75,0.55,0.50,0.50
"Venezuela, RB",0.29,0.61,0.25,0.27,0.17,0.17,0.29,0.61,0.25,0.27,0.17,0.17,0.29,0.62,0.25,0.27,0.17,0.17,0.29,0.65,0.25,0.27,0.17,0.17,0.29,0.69,0.25,0.27,0.17,0.17,0.29,0.67,0.25,0.27,0.17,0.17,0.29,0.70,0.25,0.14,0.17,0.17,0.29,0.69,0.25,0.14,0.17,0.17,0.29,0.72,0.25,0.14,0.25,0.17,0.33,0.74,0.25,0.14,0.33,0.17,0.38,0.74,0.25,0.14,0.33,0.25,0.38,0.74,0.25,0.23,0.50,0.25,0.38,0.71,0.25,0.18,0.50,0.25,0.38,0.70,0.25,0.27,0.17,0.25,0.38,0.56,0.25,0.45,0.33,0.25,0.50,0.75,0.25,0.27,0.67,0.50,0.67,0.75,0.25,0.18,0.67,0.50,0.67,0.80,0.50,0.36,0.67,0.50
Vietnam,0.38,0.76,0.50,0.64,0.67,0.42,0.38,0.79,0.50,0.64,0.67,0.42,0.38,0.78,0.50,0.64,0.67,0.42,0.38,0.76,0.50,0.55,0.67,0.42,0.38,0.78,0.50,0.55,0.67,0.42,0.38,0.79,0.50,0.55,0.67,0.42,0.38,0.84,0.50,0.64,0.67,0.42,0.33,0.85,0.50,0.64,0.67,0.58,0.33,0.85,0.50,0.64,0.67,0.58,0.33,0.86,0.50,0.73,0.67,0.58,0.33,0.86,0.50,0.73,0.67,0.42,0.33,0.86,0.50,0.68,0.67,0.25,0.33,0.86,0.50,0.68,0.67,0.25,0.25,0.88,0.50,0.55,0.67,0.25,0.25,0.88,0.50,0.59,0.67,0.25,0.25,0.91,0.50,0.55,0.83,0.33,0.17,0.87,0.50,0.36,0.83,0.33,0.42,0.93,0.50,0.55,0.83,0.50
"Yemen, Rep.",0.42,0.51,0.25,0.32,0.33,0.17,0.42,0.40,0.25,0.32,0.33,0.17,0.58,0.56,0.25,0.41,0.33,0.17,0.58,0.59,0.25,0.41,0.33,0.25,0.54,0.59,0.25,0.41,0.33,0.25,0.54,0.59,0.25,0.45,0.33,0.33,0.63,0.63,0.25,0.64,0.33,0.33,0.63,0.63,0.25,0.64,0.33,0.33,0.67,0.72,0.25,0.64,0.33,0.33,0.67,0.72,0.25,0.64,0.33,0.33,0.67,0.75,0.25,0.64,0.33,0.33,0.67,0.73,0.25,0.64,0.33,0.33,0.67,0.72,0.25,0.64,0.33,0.33,0.67,0.73,0.25,0.64,0.33,0.33,0.58,0.70,0.25,0.64,0.33,0.33,0.67,0.78,0.25,0.64,0.33,0.50,0.67,0.75,0.25,0.82,0.50,0.50,0.58,0.82,0.50,0.55,0.67,0.50
Zambia,0.75,0.77,0.25,0.55,0.67,0.42,0.75,0.73,0.25,0.55,0.67,0.42,0.75,0.71,0.25,0.50,0.67,0.42,0.75,0.71,0.25,0.50,0.67,0.42,0.75,0.79,0.25,0.45,0.67,0.42,0.75,0.77,0.25,0.45,0.67,0.50,0.75,0.78,0.25,0.45,0.67,0.50,0.75,0.78,0.25,0.45,0.67,0.50,0.75,0.79,0.25,0.45,0.67,0.50,0.75,0.78,0.25,0.45,0.67,0.58,0.75,0.77,0.25,0.50,0.67,0.50,0.79,0.78,0.25,0.55,0.67,0.50,0.79,0.78,0.25,0.45,0.67,0.50,0.75,0.69,0.25,0.45,0.67,0.33,0.75,0.61,0.25,0.45,0.67,0.33,0.75,0.78,0.25,0.82,0.67,0.33,0.75,0.89,0.25,0.82,0.67,0.50,0.75,0.75,0.25,0.45,0.67,0.50
Zimbabwe,0.33,0.64,0.38,0.27,0.50,0.17,0.33,0.66,0.38,0.27,0.50,0.17,0.33,0.64,0.38,0.14,0.50,0.17,0.33,0.68,0.38,0.14,0.50,0.17,0.33,0.63,0.38,0.00,0.50,0.17,0.33,0.63,0.38,0.00,0.50,0.08,0.33,0.61,0.38,0.00,0.50,0.08,0.33,0.62,0.38,0.00,0.50,0.00,0.33,0.61,0.38,0.00,0.50,0.00,0.38,0.60,0.38,0.00,0.50,0.00,0.42,0.67,0.38,0.00,0.50,0.00,0.42,0.68,0.38,0.05,0.50,0.00,0.33,0.63,0.50,0.05,0.50,0.00,0.33,0.61,0.50,0.05,0.08,0.00,0.33,0.44,0.50,0.14,0.08,0.00,0.50,0.53,0.50,0.09,0.33,0.17,0.50,0.64,0.50,0.45,0.67,0.33,0.58,0.78,0.75,0.27,0.67,0.50
,,,,,,,,,,,,,,,,,,,,,,,,,,,,,,,,,,,,,,,,,,,,,,,,,,,,,,,,,,,,,,,,,,,,,,,,,,,,,,,,,,,,,,,,,,,,,,,,,,,,,,,,,,,,
,,,,,,,,,,,,,,,,,,,,,,,,,,,,,,,,,,,,,,,,,,,,,,,,,,,,,,,,,,,,,,,,,,,,,,,,,,,,,,,,,,,,,,,,,,,,,,,,,,,,,,,,,,,,
,,,,,,,,,,,,,,,,,,,,,,,,,,,,,,,,,,,,,,,,,,,,,,,,,,,,,,,,,,,,,,,,,,,,,,,,,,,,,,,,,,,,,,,,,,,,,,,,,,,,,,,,,,,,
,,,,,,,,,,,,,,,,,,,,,,,,,,,,,,,,,,,,,,,,,,,,,,,,,,,,,,,,,,,,,,,,,,,,,,,,,,,,,,,,,,,,,,,,,,,,,,,,,,,,,,,,,,,,
,,,,,,,,,,,,,,,,,,,,,,,,,,,,,,,,,,,,,,,,,,,,,,,,,,,,,,,,,,,,,,,,,,,,,,,,,,,,,,,,,,,,,,,,,,,,,,,,,,,,,,,,,,,,
,,,,,,,,,,,,,,,,,,,,,,,,,,,,,,,,,,,,,,,,,,,,,,,,,,,,,,,,,,,,,,,,,,,,,,,,,,,,,,,,,,,,,,,,,,,,,,,,,,,,,,,,,,,,
,,,,,,,,,,,,,,,,,,,,,,,,,,,,,,,,,,,,,,,,,,,,,,,,,,,,,,,,,,,,,,,,,,,,,,,,,,,,,,,,,,,,,,,,,,,,,,,,,,,,,,,,,,,,
,,,,,,,,,,,,,,,,,,,,,,,,,,,,,,,,,,,,,,,,,,,,,,,,,,,,,,,,,,,,,,,,,,,,,,,,,,,,,,,,,,,,,,,,,,,,,,,,,,,,,,,,,,,,
,,,,,,,,,,,,,,,,,,,,,,,,,,,,,,,,,,,,,,,,,,,,,,,,,,,,,,,,,,,,,,,,,,,,,,,,,,,,,,,,,,,,,,,,,,,,,,,,,,,,,,,,,,,,
,,,,,,,,,,,,,,,,,,,,,,,,,,,,,,,,,,,,,,,,,,,,,,,,,,,,,,,,,,,,,,,,,,,,,,,,,,,,,,,,,,,,,,,,,,,,,,,,,,,,,,,,,,,,
,,,,,,,,,,,,,,,,,,,,,,,,,,,,,,,,,,,,,,,,,,,,,,,,,,,,,,,,,,,,,,,,,,,,,,,,,,,,,,,,,,,,,,,,,,,,,,,,,,,,,,,,,,,,
,,,,,,,,,,,,,,,,,,,,,,,,,,,,,,,,,,,,,,,,,,,,,,,,,,,,,,,,,,,,,,,,,,,,,,,,,,,,,,,,,,,,,,,,,,,,,,,,,,,,,,,,,,,,
,,,,,,,,,,,,,,,,,,,,,,,,,,,,,,,,,,,,,,,,,,,,,,,,,,,,,,,,,,,,,,,,,,,,,,,,,,,,,,,,,,,,,,,,,,,,,,,,,,,,,,,,,,,,
,,,,,,,,,,,,,,,,,,,,,,,,,,,,,,,,,,,,,,,,,,,,,,,,,,,,,,,,,,,,,,,,,,,,,,,,,,,,,,,,,,,,,,,,,,,,,,,,,,,,,,,,,,,,
,,,,,,,,,,,,,,,,,,,,,,,,,,,,,,,,,,,,,,,,,,,,,,,,,,,,,,,,,,,,,,,,,,,,,,,,,,,,,,,,,,,,,,,,,,,,,,,,,,,,,,,,,,,,
,,,,,,,,,,,,,,,,,,,,,,,,,,,,,,,,,,,,,,,,,,,,,,,,,,,,,,,,,,,,,,,,,,,,,,,,,,,,,,,,,,,,,,,,,,,,,,,,,,,,,,,,,,,,
,,,,,,,,,,,,,,,,,,,,,,,,,,,,,,,,,,,,,,,,,,,,,,,,,,,,,,,,,,,,,,,,,,,,,,,,,,,,,,,,,,,,,,,,,,,,,,,,,,,,,,,,,,,,
,,,,,,,,,,,,,,,,,,,,,,,,,,,,,,,,,,,,,,,,,,,,,,,,,,,,,,,,,,,,,,,,,,,,,,,,,,,,,,,,,,,,,,,,,,,,,,,,,,,,,,,,,,,,
,,,,,,,,,,,,,,,,,,,,,,,,,,,,,,,,,,,,,,,,,,,,,,,,,,,,,,,,,,,,,,,,,,,,,,,,,,,,,,,,,,,,,,,,,,,,,,,,,,,,,,,,,,,,
,,,,,,,,,,,,,,,,,,,,,,,,,,,,,,,,,,,,,,,,,,,,,,,,,,,,,,,,,,,,,,,,,,,,,,,,,,,,,,,,,,,,,,,,,,,,,,,,,,,,,,,,,,,,
,,,,,,,,,,,,,,,,,,,,,,,,,,,,,,,,,,,,,,,,,,,,,,,,,,,,,,,,,,,,,,,,,,,,,,,,,,,,,,,,,,,,,,,,,,,,,,,,,,,,,,,,,,,,
,,,,,,,,,,,,,,,,,,,,,,,,,,,,,,,,,,,,,,,,,,,,,,,,,,,,,,,,,,,,,,,,,,,,,,,,,,,,,,,,,,,,,,,,,,,,,,,,,,,,,,,,,,,,
,,,,,,,,,,,,,,,,,,,,,,,,,,,,,,,,,,,,,,,,,,,,,,,,,,,,,,,,,,,,,,,,,,,,,,,,,,,,,,,,,,,,,,,,,,,,,,,,,,,,,,,,,,,,
,,,,,,,,,,,,,,,,,,,,,,,,,,,,,,,,,,,,,,,,,,,,,,,,,,,,,,,,,,,,,,,,,,,,,,,,,,,,,,,,,,,,,,,,,,,,,,,,,,,,,,,,,,,,
,,,,,,,,,,,,,,,,,,,,,,,,,,,,,,,,,,,,,,,,,,,,,,,,,,,,,,,,,,,,,,,,,,,,,,,,,,,,,,,,,,,,,,,,,,,,,,,,,,,,,,,,,,,,
,,,,,,,,,,,,,,,,,,,,,,,,,,,,,,,,,,,,,,,,,,,,,,,,,,,,,,,,,,,,,,,,,,,,,,,,,,,,,,,,,,,,,,,,,,,,,,,,,,,,,,,,,,,,
,,,,,,,,,,,,,,,,,,,,,,,,,,,,,,,,,,,,,,,,,,,,,,,,,,,,,,,,,,,,,,,,,,,,,,,,,,,,,,,,,,,,,,,,,,,,,,,,,,,,,,,,,,,,
,,,,,,,,,,,,,,,,,,,,,,,,,,,,,,,,,,,,,,,,,,,,,,,,,,,,,,,,,,,,,,,,,,,,,,,,,,,,,,,,,,,,,,,,,,,,,,,,,,,,,,,,,,,,
,,,,,,,,,,,,,,,,,,,,,,,,,,,,,,,,,,,,,,,,,,,,,,,,,,,,,,,,,,,,,,,,,,,,,,,,,,,,,,,,,,,,,,,,,,,,,,,,,,,,,,,,,,,,
,,,,,,,,,,,,,,,,,,,,,,,,,,,,,,,,,,,,,,,,,,,,,,,,,,,,,,,,,,,,,,,,,,,,,,,,,,,,,,,,,,,,,,,,,,,,,,,,,,,,,,,,,,,,
,,,,,,,,,,,,,,,,,,,,,,,,,,,,,,,,,,,,,,,,,,,,,,,,,,,,,,,,,,,,,,,,,,,,,,,,,,,,,,,,,,,,,,,,,,,,,,,,,,,,,,,,,,,,
,,,,,,,,,,,,,,,,,,,,,,,,,,,,,,,,,,,,,,,,,,,,,,,,,,,,,,,,,,,,,,,,,,,,,,,,,,,,,,,,,,,,,,,,,,,,,,,,,,,,,,,,,,,,
,,,,,,,,,,,,,,,,,,,,,,,,,,,,,,,,,,,,,,,,,,,,,,,,,,,,,,,,,,,,,,,,,,,,,,,,,,,,,,,,,,,,,,,,,,,,,,,,,,,,,,,,,,,,
,,,,,,,,,,,,,,,,,,,,,,,,,,,,,,,,,,,,,,,,,,,,,,,,,,,,,,,,,,,,,,,,,,,,,,,,,,,,,,,,,,,,,,,,,,,,,,,,,,,,,,,,,,,,
,,,,,,,,,,,,,,,,,,,,,,,,,,,,,,,,,,,,,,,,,,,,,,,,,,,,,,,,,,,,,,,,,,,,,,,,,,,,,,,,,,,,,,,,,,,,,,,,,,,,,,,,,,,,
,,,,,,,,,,,,,,,,,,,,,,,,,,,,,,,,,,,,,,,,,,,,,,,,,,,,,,,,,,,,,,,,,,,,,,,,,,,,,,,,,,,,,,,,,,,,,,,,,,,,,,,,,,,,
,,,,,,,,,,,,,,,,,,,,,,,,,,,,,,,,,,,,,,,,,,,,,,,,,,,,,,,,,,,,,,,,,,,,,,,,,,,,,,,,,,,,,,,,,,,,,,,,,,,,,,,,,,,,
,,,,,,,,,,,,,,,,,,,,,,,,,,,,,,,,,,,,,,,,,,,,,,,,,,,,,,,,,,,,,,,,,,,,,,,,,,,,,,,,,,,,,,,,,,,,,,,,,,,,,,,,,,,,
,,,,,,,,,,,,,,,,,,,,,,,,,,,,,,,,,,,,,,,,,,,,,,,,,,,,,,,,,,,,,,,,,,,,,,,,,,,,,,,,,,,,,,,,,,,,,,,,,,,,,,,,,,,,
,,,,,,,,,,,,,,,,,,,,,,,,,,,,,,,,,,,,,,,,,,,,,,,,,,,,,,,,,,,,,,,,,,,,,,,,,,,,,,,,,,,,,,,,,,,,,,,,,,,,,,,,,,,,
,,,,,,,,,,,,,,,,,,,,,,,,,,,,,,,,,,,,,,,,,,,,,,,,,,,,,,,,,,,,,,,,,,,,,,,,,,,,,,,,,,,,,,,,,,,,,,,,,,,,,,,,,,,,
,,,,,,,,,,,,,,,,,,,,,,,,,,,,,,,,,,,,,,,,,,,,,,,,,,,,,,,,,,,,,,,,,,,,,,,,,,,,,,,,,,,,,,,,,,,,,,,,,,,,,,,,,,,,
,,,,,,,,,,,,,,,,,,,,,,,,,,,,,,,,,,,,,,,,,,,,,,,,,,,,,,,,,,,,,,,,,,,,,,,,,,,,,,,,,,,,,,,,,,,,,,,,,,,,,,,,,,,,
,,,,,,,,,,,,,,,,,,,,,,,,,,,,,,,,,,,,,,,,,,,,,,,,,,,,,,,,,,,,,,,,,,,,,,,,,,,,,,,,,,,,,,,,,,,,,,,,,,,,,,,,,,,,
,,,,,,,,,,,,,,,,,,,,,,,,,,,,,,,,,,,,,,,,,,,,,,,,,,,,,,,,,,,,,,,,,,,,,,,,,,,,,,,,,,,,,,,,,,,,,,,,,,,,,,,,,,,,
,,,,,,,,,,,,,,,,,,,,,,,,,,,,,,,,,,,,,,,,,,,,,,,,,,,,,,,,,,,,,,,,,,,,,,,,,,,,,,,,,,,,,,,,,,,,,,,,,,,,,,,,,,,,
,,,,,,,,,,,,,,,,,,,,,,,,,,,,,,,,,,,,,,,,,,,,,,,,,,,,,,,,,,,,,,,,,,,,,,,,,,,,,,,,,,,,,,,,,,,,,,,,,,,,,,,,,,,,
,,,,,,,,,,,,,,,,,,,,,,,,,,,,,,,,,,,,,,,,,,,,,,,,,,,,,,,,,,,,,,,,,,,,,,,,,,,,,,,,,,,,,,,,,,,,,,,,,,,,,,,,,,,,
,,,,,,,,,,,,,,,,,,,,,,,,,,,,,,,,,,,,,,,,,,,,,,,,,,,,,,,,,,,,,,,,,,,,,,,,,,,,,,,,,,,,,,,,,,,,,,,,,,,,,,,,,,,,
,,,,,,,,,,,,,,,,,,,,,,,,,,,,,,,,,,,,,,,,,,,,,,,,,,,,,,,,,,,,,,,,,,,,,,,,,,,,,,,,,,,,,,,,,,,,,,,,,,,,,,,,,,,,
,,,,,,,,,,,,,,,,,,,,,,,,,,,,,,,,,,,,,,,,,,,,,,,,,,,,,,,,,,,,,,,,,,,,,,,,,,,,,,,,,,,,,,,,,,,,,,,,,,,,,,,,,,,,
,,,,,,,,,,,,,,,,,,,,,,,,,,,,,,,,,,,,,,,,,,,,,,,,,,,,,,,,,,,,,,,,,,,,,,,,,,,,,,,,,,,,,,,,,,,,,,,,,,,,,,,,,,,,
,,,,,,,,,,,,,,,,,,,,,,,,,,,,,,,,,,,,,,,,,,,,,,,,,,,,,,,,,,,,,,,,,,,,,,,,,,,,,,,,,,,,,,,,,,,,,,,,,,,,,,,,,,,,
,,,,,,,,,,,,,,,,,,,,,,,,,,,,,,,,,,,,,,,,,,,,,,,,,,,,,,,,,,,,,,,,,,,,,,,,,,,,,,,,,,,,,,,,,,,,,,,,,,,,,,,,,,,,
,,,,,,,,,,,,,,,,,,,,,,,,,,,,,,,,,,,,,,,,,,,,,,,,,,,,,,,,,,,,,,,,,,,,,,,,,,,,,,,,,,,,,,,,,,,,,,,,,,,,,,,,,,,,
,,,,,,,,,,,,,,,,,,,,,,,,,,,,,,,,,,,,,,,,,,,,,,,,,,,,,,,,,,,,,,,,,,,,,,,,,,,,,,,,,,,,,,,,,,,,,,,,,,,,,,,,,,,,
,,,,,,,,,,,,,,,,,,,,,,,,,,,,,,,,,,,,,,,,,,,,,,,,,,,,,,,,,,,,,,,,,,,,,,,,,,,,,,,,,,,,,,,,,,,,,,,,,,,,,,,,,,,,
,,,,,,,,,,,,,,,,,,,,,,,,,,,,,,,,,,,,,,,,,,,,,,,,,,,,,,,,,,,,,,,,,,,,,,,,,,,,,,,,,,,,,,,,,,,,,,,,,,,,,,,,,,,,
,,,,,,,,,,,,,,,,,,,,,,,,,,,,,,,,,,,,,,,,,,,,,,,,,,,,,,,,,,,,,,,,,,,,,,,,,,,,,,,,,,,,,,,,,,,,,,,,,,,,,,,,,,,,
,,,,,,,,,,,,,,,,,,,,,,,,,,,,,,,,,,,,,,,,,,,,,,,,,,,,,,,,,,,,,,,,,,,,,,,,,,,,,,,,,,,,,,,,,,,,,,,,,,,,,,,,,,,,
,,,,,,,,,,,,,,,,,,,,,,,,,,,,,,,,,,,,,,,,,,,,,,,,,,,,,,,,,,,,,,,,,,,,,,,,,,,,,,,,,,,,,,,,,,,,,,,,,,,,,,,,,,,,
,,,,,,,,,,,,,,,,,,,,,,,,,,,,,,,,,,,,,,,,,,,,,,,,,,,,,,,,,,,,,,,,,,,,,,,,,,,,,,,,,,,,,,,,,,,,,,,,,,,,,,,,,,,,
,,,,,,,,,,,,,,,,,,,,,,,,,,,,,,,,,,,,,,,,,,,,,,,,,,,,,,,,,,,,,,,,,,,,,,,,,,,,,,,,,,,,,,,,,,,,,,,,,,,,,,,,,,,,